feature_1,feature_2,feature_3,feature_4,feature_5,is_anomaly
18.277571862204095,48.59274898879333,43.92255720814837,42.89379824850396,13.34033207795521,0
22.595479757591697,45.24164437075551,34.772460988086216,29.038658179538523,15.248533839809943,0
20.12797383538474,48.40341071397285,23.545938852588456,33.31135950505597,-2.885488079204853,0
16.41264066054674,45.08706257143177,47.43882008697113,31.308031311819427,26.54854489044468,0
17.728822620084127,47.78557198651946,29.888634015251313,17.650589465673598,-1.5271561481836624,0
18.945137464239547,42.80721953283361,34.75910152345906,21.886287587369917,10.419548003601049,0
20.045468004221213,48.34792671051056,46.781281141018255,23.357692071120162,-3.3316363530355257,0
31.492494707730668,39.09947438198856,-21.570833341551342,82.23596319564943,56.22706407679966,1
23.4687365960939,47.514378420087624,30.79646934627968,25.714268824860028,5.443834818897347,0
17.566290670474206,44.69709773155063,44.40675000180184,26.961881465475372,0.9479464827152455,0
17.323420507652678,47.78867791205136,25.812104290039116,28.839898681303715,17.787186836614964,0
18.51996141970231,47.61832742993881,32.20796546090695,29.292108191488555,6.034054846716991,0
16.172025426810098,46.92871966410535,42.88419072482542,37.30828687338227,-4.345047718653316,0
18.760290073115602,49.833514493761804,39.895826092088775,35.732430143468605,10.036794496792394,0
20.26839584851326,47.64959379290575,25.679938304110976,40.564590568416236,27.28902990257435,0
21.660773735944332,43.0500826424295,31.649259400056586,27.761923581261627,8.252353200881684,0
16.74861574137544,47.1613439126748,42.89328397635173,35.25417134924054,5.253327709958464,0
18.599315481064888,45.881969321575845,51.98769469489355,21.596923191356826,7.957246153781061,0
21.306007309205153,45.55188823700025,55.06737235630328,31.26139568065702,-2.5460783180108812,0
12.063117640690836,46.964542532992695,47.74541180766157,27.814290751942927,19.003641333843625,0
13.153838719319609,47.81785767764313,38.22345084645731,28.66037829333005,-0.24058996808898847,0
13.150904322512778,46.69871481934665,35.23112224171292,33.65567428458495,17.226052557165154,0
22.6507335707154,47.363783349215716,39.71772683854516,33.57414058416177,1.1163056122320203,0
19.900450785409678,44.23646762256338,41.76697461781334,25.464663924430514,17.73198644919598,0
18.92157557954398,48.38740025412766,29.788040715347314,33.847438008143996,7.350277398680122,0
22.44149011398384,48.92592954514852,36.12598729496246,32.2525723730599,6.505106181467039,0
18.220296202489415,50.804736356119896,52.34031388323182,21.702675559534686,3.099710947736405,0
15.027359657862497,48.58897848484343,37.820114754703496,22.97179162974658,4.010014235267166,0
23.542664959053127,45.24664264202018,51.72541681740707,26.040336983078575,7.2696221925617035,0
16.665810378611347,49.23803576513691,32.16843999325406,41.69326677599718,14.723709838260502,0
13.556102657275167,49.815194071146394,43.231081414798915,30.408550214666985,1.0220703661798813,0
19.190998986675034,48.26332933105311,35.59156191489558,24.758295201067682,10.979138439753429,0
29.869344008543536,36.71118989408868,77.2925604496025,65.48417905905083,-50.12848314334546,1
18.92078084095294,48.619520356099144,49.651310074428785,24.27929450857129,2.518730139857997,0
16.910875851135376,47.07956711919127,40.71067932821106,20.315914006435943,17.475556100605672,0
15.449176963201317,50.309757349494106,22.991480022633127,34.18175095139382,-4.77776146709806,0
19.644627562931603,46.380193236474646,32.251780203694665,26.17960955165252,17.959610105566014,0
13.500276559408363,47.14496838574444,34.464793952319376,31.39392735826414,8.018189114347026,0
18.44227332012967,46.106785470203896,27.70436845378842,20.021159648861033,9.169490398686786,0
18.012876126949394,47.093460340729756,50.54772514085872,35.634427850416294,-2.352555628665593,0
7.6759359951577055,35.36664922812773,82.35056808569942,-5.810811791914469,62.923000747068556,1
16.70634262082209,47.524578352971425,29.604675207556344,26.76423931789851,6.222036174600902,0
22.120039512428082,45.311771336957705,27.492926478517212,27.675136476668396,20.84951662191473,0
17.432322092676625,45.861755957353616,30.876495148982958,43.63381533097093,8.799287073637721,0
16.835133074114474,48.56694268235454,29.760030448446386,18.743872024674275,5.67774760501622,0
18.928158832692095,44.17053557058887,37.345164751941574,28.77165752795292,3.0025048696940457,0
26.069960586031247,44.89793333944935,38.384325636652704,30.02055883210967,15.379970283633812,0
18.81587123697796,44.423832754209734,38.14038579276648,33.5339523210605,0.5865609314452893,0
18.81425775345227,46.31851382411011,26.795359620970174,21.351695264811774,2.554298226656061,0
19.622090903808278,45.062018576218584,31.393535612585136,16.172660861206396,-0.3489218119755506,0
18.638145714010978,45.688226864010424,60.39895479408568,32.04711789446547,6.246515815341666,0
22.120972710877208,45.50092065676473,47.060399785666405,29.2764268341773,3.99390290354445,0
19.604364048898315,48.25776730802865,50.549006296268026,37.76645301069731,7.137090877195167,0
21.98416118194733,48.69366529541692,41.850665204486525,31.784008634098818,9.415545344578092,0
19.1288481208568,46.60850550307314,27.298004697183224,34.21124137892627,6.1313629282645845,0
19.039344382132604,51.582789433150694,28.306448973056114,25.89704099682651,13.459944117222438,0
22.515581841963392,47.658021935898574,52.90045711407858,29.877026824748583,14.92522113297804,0
22.36111184445113,46.58654405946696,34.848752358559096,39.19678513088625,2.553526571845376,0
14.199898071058914,48.04659051644052,31.876550588512572,30.920698836427885,-1.2463894325106057,0
17.002906849325736,47.976759369877605,45.246242943332405,38.68103118920324,5.4175245535462935,0
20.520761113359047,51.98522273637079,39.49482157182085,27.022593770140208,15.335682520114435,0
18.306316820318305,47.87100015420412,34.27444758307172,27.65001624334366,7.8646096337196045,0
15.15386206931096,48.47054156239675,25.902612030303864,28.8721426641512,4.847378775127399,0
23.99078352177765,45.79172368622121,28.491453471703586,16.146502977334915,-0.6418845650540259,0
19.61389437448327,46.460707676987795,41.64257199244495,31.68916718697022,10.200783726776395,0
17.96573947471513,47.1462235380179,18.857226909176493,35.49850464898695,4.303804944981076,0
36.57121651433485,41.20900614550736,-19.259951028777145,-6.724778050758699,-43.887199788554085,1
15.773616920596359,48.72882498031759,53.01924217111619,34.71005776583408,4.554136590458251,0
17.551067210978008,46.19225064343781,58.53858982649149,31.673236002640493,9.27054335751414,0
19.178686655473793,46.95550445481001,37.195633086551155,34.79239166960766,11.266080570357875,0
16.746147993709588,45.56812020647973,49.69754670543779,43.091421391464365,11.14178610211017,0
17.890681538465152,45.887570841100626,16.54586086228857,28.879004897164247,7.105426436885319,0
18.659112971966373,46.141616017039325,43.44315990183308,37.435908178894024,10.64088861242109,0
19.48505762525782,47.94840092451331,33.433903591408516,19.67200120939171,4.632413561358334,0
18.25635005045577,46.19884472977657,42.66347942699392,28.823020739114234,5.542308858329192,0
20.10330903360866,48.212607607842244,13.505146480664095,36.3374256733568,4.469889221592526,0
15.883992633798147,50.3057677324156,33.010924047659074,24.479534649308427,-3.572784012165277,0
19.52012998341602,48.53761270696022,28.528773127540635,21.6064934148109,25.135293876489627,0
19.9985287364061,46.800135742621556,47.23690645853724,21.31236742631819,23.62580077764541,0
18.01070679854902,46.01093913357428,54.06039996864476,22.753306034604975,-5.796171462984637,0
19.73156931527008,46.731127236355164,41.483429192448796,49.28131501573587,16.368197551697094,0
16.478546993939677,46.93814677944669,47.93059397748697,43.543091067475864,13.177982902416549,0
18.94688733183108,44.027365126394194,34.13637503098323,32.231736774165284,6.787170549361437,0
22.24415148262026,46.18823153104217,30.01636379730285,36.90048049995884,15.621668723043268,0
19.05625956760097,47.17898956277786,17.10865084364874,35.63986621341469,-15.086317091483208,0
16.730625133360295,49.246155990069326,36.60629432445628,24.3878099171964,14.121110087213339,0
21.60467290793456,49.03359937806917,38.48119175113288,27.208963011853154,7.6497516916358785,0
17.401949380194488,47.889487398043805,29.537625402348226,42.514838785393245,7.533242038474737,0
15.799129523978152,47.70733042474651,39.373822283505696,32.4674796930527,2.851993541478415,0
22.64978334894465,48.32591858323751,33.20441657224686,24.194797972522778,20.43444665244418,0
18.294831581864543,47.646456310347084,45.781342355707146,29.200615059037148,21.62392959806846,0
16.814184988437567,43.70338874942058,51.02169797456639,29.783114901571587,5.610056550163675,0
17.87490154677997,47.38808600065635,24.984815133076648,32.15863667974519,4.603544694791244,0
21.519856048784803,50.716785127652706,42.60998894693175,32.64489681510567,18.53967775448217,0
16.071712624894403,47.23482106282804,28.2781745900084,33.71130342591685,20.108880016346976,0
16.983551018573543,48.86463500819613,36.21170055081254,30.83108349349718,-3.7607692280274883,0
21.6941720352933,47.00415168350203,38.766022503742185,15.56047817382446,13.575497778502069,0
21.22504327241508,48.98764128159933,27.723567162139698,27.86400452298971,4.428305252558005,0
19.92830525799172,45.10822744068211,43.67085725331878,32.14954108618072,10.508444074854477,0
20.628232236869405,48.298071884536704,41.42753543030637,30.465457995421293,11.615052939995081,0
14.972116229289064,46.7430806952101,44.09749367868078,24.657487807124056,-0.29770887783003985,0
13.827117045720954,48.57819966293623,50.3899810476987,35.23677762405115,4.411594804141409,0
14.173919187931386,48.041032473270135,26.25143192935645,38.29377339600043,13.297571840019138,0
19.281128070495008,47.60775693114727,29.688603281857144,24.812214114119747,13.292575070582156,0
18.898498507597715,48.3513306724348,45.14113282803219,27.960494474725586,13.755165495689493,0
23.085350175100547,47.855563990337416,38.77614525640656,21.033457549928308,13.398634646374422,0
18.923742551517762,47.18025486227733,34.55980708649942,29.012661909608838,-0.17619503040355688,0
20.16258360076413,49.24784184733988,37.162095842956795,32.44142510337341,-1.4350975270012292,0
20.657950414061947,49.41519252367365,30.40185493798956,35.544715546645655,11.291179662950814,0
14.846784065656738,49.98206744124914,31.264249765255347,31.355647971323094,12.915480477550153,0
20.476019421903274,47.35423177880716,38.46052257684966,15.21402229003859,27.130914015587955,0
20.81464387311114,47.459695271069556,31.427594709394956,43.50057968506928,11.934219826164245,0
17.195038528448094,46.00769826764581,26.16754231713519,29.22282988703397,-8.536668365664072,0
15.12884154462584,45.97860260759582,31.88211169874474,30.09159251525485,12.91867243142956,0
15.311973775489612,46.58505162652693,41.9141692606798,30.671727702141542,-0.02399397623981603,0
19.458008726600465,48.35952447909651,46.8030660655984,29.548054130984635,9.604864470169227,0
20.802630692089757,48.79009095209198,39.38898607104416,28.99126546131844,9.904521415246494,0
21.610950686034304,47.11064636575496,34.368462747336594,42.89623295205466,13.426784741049755,0
21.9256700195082,45.428812668398656,43.950815970454435,32.65543797227674,8.286470467702971,0
18.452414019640653,49.464782601823664,38.09237803428487,29.79358716890549,5.081342833453917,0
3.5537574292933147,38.79601004974926,-9.58480444996619,-1.7703420569675,55.44819059653632,1
20.641615215061467,45.839884396123885,34.97513162480893,16.05575611190232,3.986097521392407,0
17.541338235114985,46.88531727854577,32.24070782107199,38.348139517482466,12.259398126714522,0
16.280874774834626,44.99618694988952,66.34710901870723,29.036074773319825,16.847909869309003,0
20.082990368139257,47.42426830560556,30.71073558771976,30.330105337446703,6.2900681943484775,0
22.526261650851467,48.09788174760848,24.10440227186114,33.245035540488495,0.07223193698944375,0
17.91024535014459,46.277328892267995,43.086024766261865,24.66075434132588,9.523715511696372,0
23.12765571359706,46.11876027675022,31.405092030130778,22.429650507990406,13.097070644966644,0
22.173270109601766,48.361307990484114,40.891435368784,33.20394342501278,16.70042083655685,0
19.410639989536687,48.94207581717803,38.49876245460632,19.517437425981207,16.13898479105376,0
19.266305669364467,47.866954600424066,41.3628146546376,37.47231822876175,7.3361468327202175,0
21.14669567655925,48.327447990434734,36.0865918407907,31.110904984356857,3.3485991590831494,0
26.36910540687603,48.11664361133345,34.379427876873805,31.16135777010769,0.9209501012731165,0
3.058137592317126,55.51196508774145,92.33129612027737,0.10946084803816822,45.100373980166424,1
19.49179701712932,46.34725687254811,35.84765266049272,52.32028070912061,6.342523331965982,0
16.90998501630072,49.08317929379971,27.24666989165823,25.625812425979845,5.293420548118277,0
16.992477560653803,49.42340659807322,43.03744953067145,17.83303416062655,11.539005406946803,0
21.514196596246226,46.94084554191926,31.18323983195897,44.326619260521454,-15.871139522391987,0
16.58027225002562,46.13401809014382,43.18283014743889,27.77483281127985,11.102775626530518,0
19.130866582163698,45.8009558430769,37.951254165246546,20.18586959605547,15.850290159250138,0
19.569501261921047,49.516254211782005,50.40497942053146,25.82489733426334,-4.111125497390622,0
16.59724694191475,46.526694930553894,38.47458068010284,31.94481478143708,-2.4620833570180114,0
18.46979360343624,47.44499002414225,30.825174503956127,34.029638546471986,10.79251278448151,0
25.088955949013926,47.95428169621938,48.47607711678718,23.96969369038436,12.674374789338804,0
18.64330917880952,44.267428169266694,20.142022290201545,32.62566472728426,7.352066299741533,0
13.105039060773416,47.27942388386656,27.997658421425513,33.69294028309104,7.283137181571221,0
14.25809057314562,48.31776388758369,34.69708555587559,30.243930398262524,4.046779728240288,0
17.55633876393918,47.46801857246591,28.86991532435995,38.608788733157475,7.287607354493553,0
16.755858206098313,45.4867672797356,26.531712551096764,27.465551021115758,3.863978817724342,0
15.412692308714721,49.37079223699984,19.790997555256528,22.08275049665857,4.8721461639372805,0
14.592356997443414,49.376977364366276,23.492727296375776,29.683036427056376,11.570024804786064,0
19.165699351808783,47.352894338286,23.767080314603,35.11042425890632,9.391713685490606,0
21.614061585424796,47.671842491509004,31.625989682961887,29.50942459679959,9.768832820802395,0
16.171193926211565,48.01279885696145,32.1833420962035,33.21957089038137,2.9346215021577082,0
21.26657999659614,47.259132617271014,39.18317784476857,25.24884174733711,10.400483777363279,0
18.221830399863343,47.296577049450896,42.83361617084168,30.560987813754213,12.290619352905845,0
22.24661423678208,46.514551812823086,36.80060093395222,28.650609805321718,1.918139888500531,0
21.962025790286756,46.19782845296137,55.8002837458488,30.67437991594376,15.165404264271311,0
20.204278966337867,47.21473383989818,50.52778922834365,24.345771945878923,-12.171749404010944,0
21.876307299994952,46.59199680433179,33.2234976670436,32.59122364273324,1.558015818800616,0
18.7348035870492,48.22644296217246,32.84922526639684,31.058732495946124,9.178018783254071,0
19.971612367474677,44.45407803509549,39.1529940920621,21.070787217012786,6.587878104416358,0
17.304836628977498,47.8588208845294,29.02725752779491,23.925966443605574,21.820478733612767,0
21.69482671160507,45.82673136240016,43.468822709361454,27.40213623398038,11.390902015449143,0
11.803911557034194,46.53997106762961,41.16613874980281,34.087502321472954,-3.2442755888623847,0
20.548178042891816,52.45671620985828,42.07571030995863,29.58962302799854,2.4888846793329558,0
18.375497394127873,49.049826901698694,32.20557901902245,25.672624464129427,-0.6014594172387557,0
21.158994406088983,47.9198659628587,22.330000749753275,38.28950936829278,1.826274430380689,0
22.980278523652675,47.56873343564916,35.602074228633036,28.699982581566964,-5.477226162227845,0
17.210509957512024,46.16988750298613,42.038971563525784,26.51761501826583,2.5432678415806604,0
21.434952280608652,46.604425581274285,42.95484799422673,21.610735376040893,7.239060684283395,0
32.43159953720463,60.06793367419963,-3.3100207183348522,-3.5009664162466447,-37.126502252307056,1
19.912999192816613,47.604504880510426,51.61562434259177,32.84160851143276,14.701677709606333,0
20.216962061005937,47.94743185798611,41.93588734155964,25.047752393245947,12.856484035124534,0
19.816153986893646,46.00708450463241,21.29640583779552,35.44228708445476,13.945634335965984,0
17.53761112075007,47.85371577072471,39.7335790971713,38.259922693735795,-1.726565211544301,0
3.4054209171470724,57.792238181973204,104.42265538595177,-15.74413209800283,-41.2558184643504,1
15.847983813868733,45.11053222461272,37.76196478857989,34.92216294593117,11.95797116968428,0
15.931714991662753,48.94305072705529,46.55692087185753,35.92412885594862,2.4851513851757465,0
13.407921540638329,47.02937698138885,43.85664085106554,30.13244458350597,-8.886437783390724,0
18.584712230690446,47.97829983791987,19.41412634558856,34.52078005824211,19.89005585494357,0
14.550877451379876,48.2949284689354,28.327588322777153,34.50634056131557,8.088331713381086,0
20.874647652451447,46.55993918697912,41.40877208461459,32.88873122436917,13.182083291867347,0
19.692362286923956,47.48945560760055,33.283855190572076,27.341530658895394,12.82368401533721,0
17.114176518012073,48.69281701832727,43.39604982529079,18.73000280644689,-2.7635646784784704,0
16.532729567294744,45.84280977712254,34.04264589966177,34.31957190860788,29.781873126995762,0
21.11336526591104,47.161760177685245,51.295296433135505,42.183949900114,0.13299783116001507,0
22.248740000337662,47.298502028254596,42.371634060302384,27.84666181832592,13.466916675716725,0
20.919339928061518,47.87416244464298,28.41817818267267,26.802340851231953,-4.440132996069092,0
16.73697753850643,49.99990556943572,34.66393827647787,37.967913589534184,9.674384392452176,0
20.331102517440954,47.60774434964895,20.97939811626965,28.189841137520112,5.947356300088672,0
22.601354353110306,48.53292521741907,18.5656655442559,29.079334152153308,7.132812072693276,0
19.39788261325008,44.45377773562131,12.464027432650841,34.20205106986152,9.420791333127196,0
17.50422905267161,48.29290393059266,44.62220367984628,30.434685842336748,0.8831533820050321,0
19.98987273646078,47.82791094142435,46.779732791309655,48.388950032862624,0.12909994757053234,0
31.831538806950615,58.30010259372874,-37.366261301897495,-12.55260079400914,-47.6797793173738,1
18.580076952851634,45.329739918231866,16.789632435172805,33.48771945037409,13.774046900222347,0
21.477239564743222,48.32044255741682,39.96529188094386,26.51354862702998,0.5458134601282927,0
20.89056403678461,47.45841688661143,40.40447264864186,27.977630868201896,-7.776061481263765,0
22.99960959034068,47.12534393538398,24.136402587448462,27.57868727599195,-2.664244395782008,0
16.366313244032824,48.91041977062734,32.30704159442907,35.24028503833964,10.84979384230655,0
18.64095961858216,48.25458618041513,30.497543729347797,35.684479230214365,9.846690887218834,0
20.82596965996709,48.04844404020124,38.00873427763146,33.54285039494654,12.530576266605127,0
19.93846832944561,47.42058474466501,41.2612304765941,34.93888885785217,5.995190532324379,0
16.61604376723409,47.97297580190077,42.31407007685467,32.08817678379107,13.297606223719377,0
17.287886599245503,47.204969825034475,44.13259117137851,39.718272923769895,18.38917768397759,0
13.272872501941762,48.75012503748405,32.87970818977008,30.923299224164168,10.89576098379275,0
16.360423670384534,50.00638633992466,45.79237304465356,17.986824733782484,4.839289294830232,0
18.857275670644555,47.80974008492503,24.62774010499288,31.088087201235442,-4.057737222652182,0
19.34477687212438,45.7161506805454,41.99230793999209,27.85336478836338,-12.639749304602178,0
20.218356595569013,46.27114047230479,37.98180018196517,34.790652742941845,14.666413518989032,0
19.80242481815913,48.49504665871529,33.57044805284953,33.31712144694175,15.249757181312074,0
17.91986378203232,46.048112643959655,42.62290815168896,45.04145265934442,13.485238839229222,0
19.446840579385064,47.70044018954208,42.346071665701004,35.25388648125788,14.697149127270384,0
17.242101429428285,47.91417460263537,29.684194814780895,40.360230266485736,13.31240773143697,0
19.28801877248664,47.92995005586389,42.836211273505995,27.77504480171806,25.28160022903097,0
21.73095386985557,47.10486678019331,31.17406010077243,34.81173004703096,3.3315648810563685,0
20.831434905821038,50.5342341828281,28.67046029806331,32.82699325421638,15.585710343578178,0
19.4586466955034,46.199665414633216,23.12641838124431,21.55794456043587,16.317140655933926,0
18.777223511137848,48.59939866719175,43.511540711694494,33.00714343749877,13.604393929213167,0
18.54266397703503,49.12213637477973,25.04223403452316,39.441726645432254,14.36673038040114,0
16.426168029005026,45.432707487761874,21.486367775932692,30.66457935347244,20.86918336511259,0
12.655687937528752,50.76389279083482,37.90730392399146,34.462170564501875,15.836788564221774,0
35.11613115310478,35.48772686634629,-8.414679098396524,70.59209788857528,40.53038654831385,1
22.27066850425856,48.42716322682049,20.702246894593078,47.03839458006264,16.064043271842284,0
17.778525512575793,45.313744205133325,30.29936979973521,24.430840665526052,-1.004093751248158,0
20.274532052430374,48.930539296770945,33.57500507722272,21.166127878992054,7.7952060636602,0
18.570655570447492,45.86249413417911,41.825826167371126,25.247055718516506,14.881014797298164,0
19.761978361076746,49.48928444785962,11.43840402287341,32.994963758125344,9.40857744041772,0
22.291640808115865,47.1404327581171,45.48034545888482,25.231105252231778,15.886363352503146,0
14.02642080510476,48.338766359580326,45.843126661515676,20.599450131185748,1.4495667273900077,0
17.67926532810017,46.70721745008636,36.352604186725195,25.062186159235168,-6.494485245684389,0
20.295673561378468,45.87043794708892,35.251015401359034,22.64198764676734,16.7558534760255,0
18.136000676026622,49.833082271293236,23.256373572386362,34.99190725240158,10.256006779449887,0
20.053044185558004,47.57714074024075,43.58347812516591,36.99425453508774,8.704350361770224,0
17.374594451812904,49.173600104498384,48.018846899788066,28.512996451483403,11.687018444027622,0
17.063642566586463,45.63365194665798,36.00294612489293,36.06429469685243,11.675167456344376,0
18.231248338499324,46.40253670325899,37.453863337144455,21.92837044322377,19.740447435817078,0
18.001983282064675,46.641631768590905,38.97729828041795,40.3231736255054,1.3179271256725036,0
16.953206604885874,46.40003116500523,23.04805953505992,21.212012340968766,21.938781911312624,0
16.88612515143848,50.776132324174874,39.847449538553654,24.15618882361163,5.96275874444229,0
15.690049696214606,48.46501914280739,45.52241704299617,36.02401862939058,-0.6888669374985295,0
24.00434213509213,49.445944306038164,38.3827877587768,43.99794259824834,20.26229966828643,0
15.082456404967322,44.60825543874834,31.597874943059377,45.14667537419291,7.089090835683488,0
24.664362473260116,48.15748636831235,33.54263412640279,30.92652276556036,17.603641877528148,0
23.551443616567184,49.97533043454045,27.329824052142882,37.566304222744854,4.793231131992914,0
20.1914416463318,47.43740151437916,36.17963317255818,33.53844150289628,-4.5715278426088535,0
19.80467361210293,48.31351648795119,36.66793964437394,34.832515170219715,2.465057968646521,0
17.511278604538205,48.91309356104012,39.33675692932262,34.04632252496188,5.7087919270691145,0
17.85887149019759,48.1207212987429,43.78984190389988,31.80362804037138,11.207330325953986,0
15.946765724285578,49.52030269361997,33.20987358958404,39.536104291628334,-10.124927907003778,0
18.205851376025368,46.6161731204328,42.09707587515409,27.274802704105646,20.959558591380357,0
20.31200692296954,50.788278479213126,45.333299898493635,22.853550660949967,-11.293277021339987,0
15.993956145158844,47.31063668758767,37.05361238066862,34.29981858617256,4.164076364969576,0
17.60131852896984,49.82315022735718,48.73251322496915,28.62273905994519,0.5718557339250214,0
15.264657810328885,45.03232159204338,15.636791440238923,23.21078452416657,-1.8489850550517932,0
16.596221285508303,48.28094606035425,48.08769118345203,25.93133626540626,19.279637316555778,0
17.355383557073036,44.83666218849169,47.35022674653367,40.68611942334174,2.71602709558163,0
16.688939351830875,46.033820625809824,29.84134113247462,34.59792569684292,-0.579314532023476,0
21.97022906181429,46.41700586703425,46.57513015142847,26.537886433010993,-4.4766800280216685,0
15.416634450155007,48.440570600103115,46.9436809352366,32.46687527629314,1.9052145366854774,0
17.084374044018787,50.16836378718747,32.04595702152104,28.826936429843844,13.606266215305046,0
20.4487577626695,50.53911731010925,47.32135225325344,28.241430576341646,11.11256420745319,0
15.01869129884557,47.0619756505021,44.89384700284551,30.201016532706202,5.905027534427178,0
18.53257548370401,47.03008880230403,34.33865303550249,36.85527472178026,11.569446160278053,0
16.206652722290222,47.52630190107821,31.12732765929414,31.40155041141742,14.52099922359444,0
16.970168960624456,45.270896795178636,38.511920718942115,27.097881577318105,2.892115048151801,0
18.519532713726846,45.941523137220535,33.7547358008938,40.651204881695776,19.540251204697967,0
23.58396103594555,47.78342242614894,36.78152226002543,41.82189186374776,-1.6668854651066276,0
13.281420311179135,47.37906347122161,41.17426963599622,35.869761229949006,5.638197759654487,0
17.806017923260303,45.4394512392645,41.44780219103785,40.08856975561591,16.830325438047325,0
19.29565622556656,46.77889220616472,32.13330352328992,27.76527204008795,4.289887156682944,0
17.386282505987875,45.38803244319825,25.766507537783525,29.006494749057673,15.311239244514805,0
3.782585229577458,55.248185614138464,-8.16844332608832,77.20806531825954,55.2704060405549,1
21.3644751286202,47.91320184855099,56.66474071559707,32.94801075505619,10.887247676486322,0
22.503837013198474,48.89153463296173,29.65826040413072,32.112743824904804,6.076124121051666,0
20.284082863235277,45.453545604423894,35.6661422397141,23.30215660533666,4.439617344678586,0
17.47972751672467,46.46753158124478,31.72843183156575,32.37053622824001,7.142169656101112,0
17.520596589838263,44.412792893814704,55.183571537080056,18.08980835484337,1.5414808658986061,0
18.914386228383442,47.29820577677406,44.523869848621985,30.443855450711062,7.278201143895258,0
24.740511234866606,46.403767991737666,30.94845886843583,32.453262990038354,3.9322152918069917,0
22.29417317620739,48.658977007636864,18.165035580808887,36.955515298786544,4.624780476037335,0
16.606868865948464,44.344816793293504,25.00850575005316,35.94859053600287,-10.915191396835683,0
18.902523400851045,45.856387237640654,37.562504808986134,19.06099011303487,3.732483325329553,0
19.218253630852335,50.615725750792976,16.66358804014575,36.531691563127154,5.236509718809136,0
17.62543766278826,45.18966493796051,51.18056095057656,33.49885386557442,12.694669917439192,0
22.20882811705114,45.568297581393466,38.019350893305656,51.505254155565005,3.5817299847743085,0
16.325967861603207,47.87816390647391,25.456299580018673,32.306569248180786,16.991258962257795,0
15.101542284020216,45.715929912143835,52.04439101076609,35.97810268647092,14.282712134912948,0
17.059411548631648,46.77077111525252,29.940928792602094,31.32050642256705,21.828779475965526,0
22.25581265316844,47.71881501176308,16.446249370685127,20.300762015931298,-4.0941958999992245,0
18.259639372122493,45.970754283089015,35.40422145091839,26.44885918359015,11.500333615544026,0
21.771985215031442,45.59506854306814,40.9816373247053,36.69228407301152,5.827969205468591,0
24.778389996328386,46.293200208968905,43.20185881627493,37.45573437544856,6.109524444563515,0
18.18056828394486,48.32012491942899,27.666779165053768,27.64015670508976,-5.108828770476197,0
19.298265534485076,48.40815659980184,33.308913631589284,20.419245231004876,11.842450722472517,0
17.368010973516064,46.761991770387105,36.441022986269914,47.64962678425862,17.404012181228566,0
18.200609904756462,47.66666004002259,46.09414720456488,34.05030914897464,-3.5126555616708526,0
23.60149127139167,50.10608990627104,33.95244129286192,27.830713604828574,5.8342128260435215,0
21.370267645422217,49.31685149927751,19.705798263895176,18.276943312705605,18.340947845978512,0
14.742241577253937,46.8589354098012,24.203732268313015,26.471122683837528,15.851490991755004,0
1.0497281130763563,56.69876880238339,97.54361972203364,-22.98075231260409,40.479818848381484,1
20.735549925709947,47.50526781649437,11.843040504127845,46.848133106411694,6.25728905657253,0
18.39044330170488,48.841560527323786,34.91512784157014,27.34211543936751,9.621583555736766,0
18.679613328685218,47.079393317255295,35.054409166160525,22.90404033724234,7.647267260723512,0
16.93965303435864,50.18942488071589,32.84758160985716,34.37561677810861,5.3313077930747514,0
16.12158508119351,45.91155867469912,43.08188153074227,27.185417380190795,12.67999764381956,0
18.479425675533296,46.67428754467426,16.48459177972438,31.41239934980969,21.509530728548313,0
18.65913187408936,47.630929411987076,39.08808752908374,16.480131178382646,7.199354991526286,0
19.910142642029633,50.73581709445614,32.45243989457468,18.728234472471016,12.556869600860995,0
22.319556165932415,48.63898602316558,50.22721689742757,23.89570760731905,11.112112810280886,0
22.013506754745546,49.58287531003194,37.63779900542908,32.19882614314103,10.931174731319537,0
16.77447230399218,46.31982731123668,42.96917148101867,18.662080678002184,15.377179201886687,0
22.770624080195724,46.7091593029883,33.0940374719291,40.122820957269575,4.20094831329223,0
20.47276818015315,47.04523442431576,44.45963313718892,30.080185296581874,18.350148271674875,0
-1.6772131219011506,59.854845607161266,102.18423681588675,83.41023552042587,-29.329641966044573,1
17.16904959954523,46.69948825202366,47.57178805926607,24.15213164943266,-1.1387224816132804,0
12.344369265181637,46.00915751764938,48.96210125852968,33.45774352592943,-10.11257311811494,0
22.290455518364954,48.98742338240468,27.048165634025757,31.194189108836888,-1.1168706217854325,0
20.266062275518088,45.253217472687396,35.25240043876888,29.93662580865126,4.1630760246759575,0
18.41883675912997,44.1010808216784,35.3182214717742,37.694832974329984,-0.07397205150810393,0
16.203402210912902,47.08651267752988,40.42401339577763,35.08357832296903,13.39970938856709,0
20.687612370283684,44.98126311840866,36.38423706884629,31.368519472248362,2.23423686016847,0
16.43008391788736,47.6555499042766,42.629793883982344,29.84706024696802,12.878419776299381,0
15.264244132392626,45.129114928748166,19.43813597745682,22.715846039379855,11.103143330089697,0
21.126896952571087,50.120487338313254,40.674835555613974,28.418792582237604,18.388233547826324,0
17.854300456967696,48.212813819321944,43.15936926132503,26.29135827652928,6.693909039119844,0
18.817278703091656,46.42956396219885,31.250469571057145,43.70790705622035,-1.8787907433698265,0
20.746947824395814,47.66823148188534,41.01783127926582,34.87232531927561,19.56503298882345,0
18.72753601721225,47.521013036896626,38.071713521086004,37.79263850470877,1.155182074212484,0
15.308597556451659,48.136745816751905,35.880539054123304,31.178812603412812,12.816413040460375,0
19.410835531315133,48.339926213221204,21.97454971398317,18.8263093070205,-6.769745241062857,0
19.965703654595824,45.79317207338789,47.997920639445084,26.208501045832165,9.369462559265457,0
21.3937639993495,48.45820323329875,40.65386854556016,38.90344491569431,0.8201307133433078,0
15.505302332877244,47.19264692816408,24.563872955571934,24.957953327899723,8.244839508967644,0
15.589113012919405,45.22077861417638,42.85274987640207,40.96838169012929,3.8964347206577576,0
16.19128722809397,46.640491413913246,23.055346522578827,45.29053742797924,12.543163267972627,0
16.134213774052228,48.03248885500464,18.11403976486229,25.990641933183387,-6.137655971929911,0
18.631719056556346,48.685978386280134,34.0968936701471,29.43091703150263,6.214282735122197,0
16.524467460978553,46.881872753135326,39.82842991879577,16.556999026401936,6.546326224022057,0
13.909575504895034,46.66827116547228,36.27863684772023,29.03172842143234,6.119196768731498,0
21.997758063845744,46.60053790047055,42.49694899609155,30.755524107115196,7.6320319729752715,0
17.45324761199659,49.3531583760264,41.24453654239447,26.462646924044382,19.89543839371226,0
22.753850242725747,46.79935305115318,40.332260832831835,42.24082785824565,6.148656155848225,0
23.322648641956913,47.89941948716838,41.763963164008956,27.684675349269856,14.973832103926998,0
17.38078278851462,47.81670910911713,23.503686646997345,43.62751724129653,2.0715280926829145,0
17.67276068435722,47.74427181582898,46.48880601938558,20.56094149210239,9.21737641518884,0
16.19367182952323,47.33686681356716,49.59882463699377,26.348714360008202,20.67503626510866,0
17.379840266296803,49.73044982938345,41.02175570743134,26.429240926641967,-14.400901185559162,0
19.544971590694782,50.14981322996553,34.516528774440154,24.825570425462924,4.796050447054829,0
20.396916766005866,45.04369765679892,36.227637444151405,36.12839668433155,6.405978149510333,0
21.934957306309094,48.78444895054831,32.87342012927969,31.617043440843265,11.312028754983867,0
22.19719837694721,46.57004949828655,39.271961621216136,18.9192384972516,7.870071364997463,0
13.542751891529814,47.83046903632679,30.304089966216292,34.37742563761919,25.125556291238937,0
23.01859359866436,48.05253392210883,18.524551812533772,30.062058231269564,4.960447950328533,0
18.799148161000414,47.521299681207154,29.29786763670165,23.633630313808627,12.136320945190716,0
22.119640113212796,48.84324926677306,39.18753842761057,26.29937716004062,1.1461717559336186,0
18.10571044701082,44.547918971543446,21.81274402933896,27.32003974566287,20.969623199855427,0
19.386838321160937,45.57269534829384,34.54938464419061,30.476151756364054,0.10873998370372817,0
23.146051307784262,46.13299286010407,36.43921192528576,26.752411397716934,6.945839660618432,0
33.202631047388515,36.48341944005582,-37.77993674961603,74.45007797173908,53.590721404190006,1
19.576857397218813,47.83686409545941,44.78728318932351,29.298181776993502,3.475091750215155,0
18.453014085788343,45.899166862521305,41.46967428711342,24.373973758826985,3.516065616379726,0
20.466164319364935,45.71966021334419,36.929669601545015,22.320041229957752,-0.9848042630296376,0
-1.0041803716894087,54.25414086173785,-4.899771777110125,-12.086324062958768,-45.24519627269381,1
18.58214251164333,49.462708376276865,25.805707993730163,32.10637361707684,6.2991634616534435,0
17.10326892901522,47.162685441079866,21.693516873960398,34.11466256164946,2.6878121409956526,0
16.727288419095725,47.12501387355246,44.170553512612166,27.70171312984786,2.3170035426885676,0
22.342213179293108,47.409815332433574,56.52732086096127,30.102730456347178,-0.8255087169139248,0
22.638682491419765,48.93871365032004,25.204913966720525,34.64113006337929,9.192872482760258,0
18.698611020064227,46.250472833380385,39.279468388361195,32.19109164080858,7.620901700725349,0
19.723232158662462,47.45174027339834,39.31113908711441,32.54181153781656,22.011861902406736,0
18.070941075611643,47.16276994925736,28.210766796531097,37.67276802544813,8.591334421048115,0
17.25836536911678,47.497214701320814,33.504577815164616,33.59860230318959,11.228500719344783,0
29.251873018361085,58.229160300374154,-22.918996900168406,-11.10027645741958,67.84926251101723,1
19.81725385303524,47.565984818684555,23.4290350327896,25.291667786255186,9.333895540969237,0
15.19525903894558,46.544978093783705,29.132337428036898,23.120492981369015,11.090209931666816,0
23.33621590507653,49.49428646804864,23.95418660324509,31.221920967141532,-16.59891769228446,0
19.261685300557495,44.437798002085636,26.38034640374388,21.37340610999128,14.447691896884281,0
15.096067387733143,44.752165147140644,32.73850759527712,36.471458530254935,9.616547677419065,0
22.616289535239908,48.34319390470962,36.75059770755878,23.568509360815046,15.091986439204891,0
17.511171971202348,46.50290887029251,44.96441725744944,27.587685830904388,-1.8983340955670993,0
20.05036069575288,47.18553915298945,9.169196322835258,36.640513867427295,1.2605475570116162,0
24.591693392249653,45.339028971341165,46.08528103333416,12.40921553850555,5.176058687913142,0
23.008699601329077,48.19811570617306,40.21374244014145,21.451949439604313,17.7213884964035,0
16.35552101218679,48.41388977788479,56.469530441422776,33.25362980080806,-1.3374673092136664,0
21.731034715108414,47.82188073929781,41.343379955029064,34.58048429451289,13.739277891505093,0
17.74701491405387,47.3401201329269,37.543364972201175,17.361185694595797,-2.417132851149095,0
18.7453824242966,44.237336071060334,28.622428160623706,32.485966489297226,9.00789736359656,0
19.480203590149586,47.16515500255175,43.26348938039717,31.78027263056204,3.7365308280638425,0
16.815806285208485,47.25626433806228,31.61007706161809,28.48961283686063,6.213339436906582,0
20.820442857477016,49.73340563061737,47.09136101566272,29.757456445106847,11.636838269307134,0
18.09037028677585,50.076665267093965,30.96614196772167,31.914134662901827,6.450467281471042,0
36.067059510787495,37.28351382493732,81.2309053970434,72.69174989810924,-48.209317304080436,1
17.305014955596473,46.528110726154544,30.43800549066521,25.56399243483215,3.51009123982013,0
19.998975107065313,49.22684867847858,19.34016347033728,34.01858488455336,2.7744393340899167,0
20.06145393481725,48.04423637827376,33.01921483990008,24.92219069744392,-3.0922670252382254,0
17.12111789540058,47.6072050124033,34.83014092837889,38.21057488183581,4.918754232448592,0
16.026034975185922,47.73532391893764,34.58552696880496,19.22572111278481,17.551201643027966,0
16.597586670358588,47.42951745299296,29.02714019090034,23.509365154035187,2.22085913992989,0
18.503176291860598,48.40251879396118,28.43607446511232,29.288986779599288,-4.312204891128527,0
19.97929818973607,48.5391059452053,41.56495214523961,32.391244471548866,9.252083156693208,0
19.081930015376003,45.81872763404105,40.60713382051267,27.9340855761125,20.76515641122119,0
16.464379338109175,47.77872952078389,24.563666171987016,32.63444220198629,9.20035959389853,0
17.547795930167037,49.20685232073556,33.690505009739766,24.88598840363246,-4.146598738721643,0
16.367095335585763,45.94862324208045,30.31932089450309,19.769243957527614,7.126692668776171,0
15.358589554596637,47.979944893868065,40.69692994869796,19.865546982959152,8.119692801705218,0
16.37530729840671,45.94833332516069,32.539952296099116,20.50677985153223,5.52390786947022,0
14.844484122763614,49.87050661065925,58.03702243331554,32.00559187884683,6.515731290580987,0
17.766523768239065,47.033459819139864,38.8286742097109,25.61152185149524,-2.3821138802857256,0
17.455911907804033,45.71223282741247,32.99326833853276,36.44099409772642,13.009109211932122,0
20.31343328593768,46.531311505882094,48.19457369803136,16.776131484518842,3.8260032343165946,0
16.929945688367205,46.48777760493513,41.848913047585214,30.217518650402695,8.195756851915705,0
19.628248465992613,45.557236591026474,36.15925587473437,28.241581994483568,9.767291383058403,0
23.01848023131931,46.0410238913835,39.865599332093005,22.39374759904849,-1.9526789222742824,0
20.283187696557494,47.83071376301679,51.840674390389296,31.889186013022623,7.030874957038116,0
19.382428032642984,49.0891887243681,20.14974044454911,33.246376104170146,16.117256510192476,0
15.704189839749835,49.29727530660226,34.059708609330045,33.76885845846184,7.982472741293026,0
22.073219766302852,44.99454775830321,44.45970638656803,31.527679957062666,-2.14534498885771,0
38.07851639110956,39.53517839593193,-5.849011122806662,-25.1371149623049,64.22811435497826,1
21.018651532060325,48.5398178480685,30.34914826613398,32.69170931605934,13.443083151212129,0
18.872956417977097,47.96031569692773,57.51743330247251,36.438150632806796,2.6008376693015096,0
15.605704520760806,46.635508547495014,38.79770797451515,24.169225882986353,12.940013019249694,0
21.16292121330938,45.92142482147893,51.04343363829406,33.03887864876061,8.134873124101526,0
21.0797913765155,47.07683883583761,44.70099493784553,29.239594006267932,8.462172629131103,0
20.92749611320657,47.661868389059684,18.12988209721236,28.36019023083756,18.396117020839398,0
15.045093130673347,48.98886562436755,32.480331700332876,30.72708006199526,17.081206869016118,0
16.507200105968725,46.49534100229111,33.43165655636609,35.71781200506933,9.054985381680389,0
19.215741782592367,47.47828258297981,23.55094752774771,18.12146692794702,7.187835634760102,0
19.49027527722235,48.54533238456634,38.81220560919755,34.16238299432357,-7.2122601291024555,0
18.605739539609605,45.03455314211235,46.504057190970926,30.124422416204713,2.5169584594125443,0
19.971232210122682,45.08968128355941,54.838084942528866,20.56966244982874,12.2982852023462,0
17.843403210282048,48.3091465622412,49.27296630313515,28.154363149000854,-1.0243647050805436,0
18.891559268923572,45.83197744559102,21.01802104400941,37.567720315657326,3.9873800287961765,0
17.346414657443784,48.146522976490175,47.18966307763428,19.101136550273857,11.237836882260815,0
23.10888585566262,45.36696443837311,32.31680972110375,28.720373421510306,0.6510839224752756,0
21.89143285438439,47.67586844274896,50.345950196025385,36.70147089731186,15.28542469895947,0
15.667119405633692,49.82939399875909,40.46905271526312,29.389956481088433,8.860033850969423,0
22.697870001792538,47.71857796074832,48.94430576384895,24.685172741177013,10.486270425102772,0
34.7517776281635,38.824523761992936,89.40262967656153,83.17831601981915,-33.585984638694036,1
18.67673425320118,48.409111397304876,39.68935385675316,33.02115872062875,-5.071613504557002,0
5.514996499009989,36.48504933965999,97.88055286400679,62.9787606967919,58.71178057254778,1
16.683408740354785,45.35523766151992,42.962394762502186,28.69232063502764,24.044843657504174,0
17.781676701043555,47.76238898910306,23.402158847100324,31.764590902591276,17.59431902627784,0
15.087248545953376,49.90907778820379,43.54605247747529,24.626920235756028,15.849720232890741,0
11.434892924113864,49.35172563499335,41.85183211265733,35.34341971563616,4.806099235152033,0
15.161679450842072,47.481096446122734,50.02011914451871,41.265046444187085,12.950978017156844,0
11.312750879249716,50.837093489420155,45.45303650067977,36.93012290879274,10.600810381076965,0
15.266767419762298,45.99301963200593,30.691357950895085,23.459997327964157,-3.5659105640337305,0
21.18533359937442,48.26682613910709,21.029117693823643,27.57446483802992,5.678452465476241,0
18.80388488340408,44.13314966546369,37.36875264939428,23.891394627633076,12.27812093565745,0
16.63753452230155,47.6592466970971,46.522193387150864,25.979003712726747,16.73741008908334,0
17.546436698910348,48.731720086987096,41.85782431533499,33.53709393465223,14.63563309751408,0
16.482513106721274,50.242170443245996,41.432901177778945,38.49228560238852,3.489054270751252,0
20.997881561081254,47.9890581961135,40.363963065207,21.53380173896553,-10.141681262705207,0
17.354968891871028,48.81312227642547,42.545230929959764,37.54690785120155,0.24190838880819587,0
16.177773099040813,48.56505501170691,39.06715401807965,27.071667963449517,0.5658839148008452,0
21.22345843705967,48.32786308470097,47.8254880933053,31.604164931144986,0.3072456453956329,0
16.11672110949393,47.49848322965051,47.46293104785806,33.8914611134836,5.101345529912571,0
23.3289849439251,48.54878286390874,30.010527968472946,27.96208785837427,-0.2928846115570227,0
19.441916305263803,46.03248129051125,45.89418783679321,35.190587361549724,5.885703286355595,0
17.296196640390978,48.1320254781252,29.835296785022884,19.253632163506047,17.457776122339542,0
18.205612302551845,46.147768733143245,44.00138199780935,29.230728944778107,17.715442952199876,0
37.441334430992065,59.443793729144744,112.16144112519633,69.53239755492021,40.68263492984302,1
16.276752048888984,48.0791876218464,32.60489533270726,23.175865701174082,9.90418742116676,0
19.215022609817105,49.023773088294504,39.6074872331038,37.445674107477,21.537821400295158,0
22.642570945972178,47.28593072691108,37.13809790035763,18.066800622477118,16.64279363145571,0
19.803973944850053,46.622117281008144,41.946409438381856,18.751850786499457,7.52679157444304,0
25.62102455296746,48.08869183469801,33.12504098220603,31.22181560055443,10.234097859861617,0
16.72192043363446,47.02658884227421,41.175434183563084,40.79974699560259,0.37131691166718017,0
18.14180268560448,45.96381191154278,26.91680095686094,26.334706853016836,13.787330407098915,0
20.50045670248737,49.28385617624485,26.405498417837734,23.18363345458998,14.449614048869137,0
17.501208293669333,46.171808227784666,31.51727392225138,37.62522657370469,-9.599641619270374,0
19.021466401943094,47.28257161299815,39.68348507363431,16.78580852908965,18.63274449537964,0
19.72122652751312,47.38581375047628,39.61081264291473,11.488480302090611,-4.4729698366066675,0
18.839160909913275,47.30332924636194,40.5977252615786,29.022731795670705,6.303673260690785,0
13.259796982349393,52.49598154326024,30.283162677439176,39.56931600818954,2.987556448411297,0
26.276526070698885,49.50334976164452,30.68441180608495,24.145847075660196,-0.9678718108011335,0
19.17636907129411,44.62097982280396,21.791109894754868,32.04818826269249,6.214841902736455,0
15.835018298582153,48.37324890236233,46.32225816984865,35.79208705949442,3.139227020970319,0
19.08631951793015,44.426100479198944,38.86078554381032,38.35003188814186,5.792640411486734,0
14.341475421908065,49.67596567372386,54.29481480595904,26.643463281501653,17.331664209195118,0
17.192638727342608,47.54400475042157,35.49304042833194,18.754152542658733,17.80338620266572,0
16.329600940307536,46.48006527630901,30.95126003298963,23.554997214053625,7.549953302635985,0
19.178042233365098,46.481536781041484,39.45262144010748,31.03457163753702,1.5262554009759022,0
18.03614089625622,45.98845028399545,39.8234607593432,26.35712267512908,16.185007795350288,0
22.644221801905964,48.58685619694991,35.97956503483197,26.320650707599995,-0.3654350648186959,0
19.349307444570115,49.03957459426607,22.651937070095727,29.352996760346535,3.8986700339624756,0
12.483767656161369,47.32344197052251,35.60239313648574,25.84711577910382,9.945252399415551,0
19.80709995337163,50.08672838458901,35.98000768549431,32.18600788869366,10.457570905885575,0
18.529324298050785,48.20890435824706,24.110659332144646,25.674671104113134,3.50062379583977,0
21.47108765915757,46.14571333688589,47.034941094971096,33.34949437978511,15.419347471498568,0
17.173886432905373,47.869720213173544,37.16029891341522,14.17964579202876,14.6568693227758,0
23.066243722772644,46.55140871832375,37.79007254417005,30.238627506856385,12.257334116460248,0
14.770022389235372,50.04899020486183,26.047472598419095,36.33951422043549,14.54632858294198,0
22.475219441584283,49.11158567780617,36.11463205663526,22.136756466514694,28.9788423115084,0
16.000373329542967,47.05320508262224,41.989127209216036,20.735443455358343,7.884588704159656,0
18.848586618609943,47.14197355157432,27.513787084372478,15.656676592135804,3.2695769058171846,0
21.010650115376016,46.60319223668503,50.64089807249045,17.019102422680447,7.168771518840825,0
20.185561235844634,47.8447399028642,58.5459026941108,33.37840987500064,4.533107340058407,0
22.33485816174175,51.169896514380085,37.394705366741405,26.306137232184344,16.410786754823384,0
18.74344660116533,46.84586074175905,32.02157434987536,33.76300507939427,7.684147184285648,0
15.40014918851603,48.84738629800975,33.97503021582134,39.33109787052487,21.32363946637902,0
20.655519211807643,48.13826426340047,61.7365387284357,17.587952184226474,12.370660393261925,0
15.245848737004183,48.71541991360564,48.95179402229732,30.258497819909955,9.345151187214476,0
19.961070348710773,48.11862199903683,33.49592611431142,35.64106443243486,22.60932296294721,0
15.559261555337851,47.708672184787396,32.978255790387344,18.495804584718698,-0.5912558025136061,0
5.145061348901671,39.40169425773184,80.82878634437708,-23.300010869752256,-56.71835894110727,1
22.6640273800057,45.76115594257813,44.439217047707736,35.67349718301449,-1.477868735187105,0
16.922939763953217,45.1050457341199,25.109616695183796,33.94334609513008,16.317902012922822,0
19.553802973712404,47.43927803822075,37.094359005682556,20.31036222263272,3.7461515602965996,0
17.423447637294622,46.19775930336183,54.12040969927253,31.884468272327865,5.030221966815883,0
14.114034764632946,48.39167915978642,23.393241164801537,21.729086129786936,5.984664445053976,0
15.711285874563515,50.17132341897502,45.299133468537605,38.23057597144728,11.447160091607332,0
20.960085515290878,45.72878910418956,35.22631115860554,37.1506051528515,10.53777136271991,0
14.393129266369588,47.38025648626594,35.994937219910675,27.965069111717085,1.7083509331975186,0
22.89617249637418,45.35400108376372,43.5324192019262,30.45241383829304,19.941067380694875,0
17.37377620350568,48.46266074179848,24.07001615863244,25.36616324745305,11.03070075698961,0
16.231554524128683,48.556283695614816,46.545640913482664,30.039374099227153,14.23886182155314,0
23.503286452728272,48.28476751751525,38.843676910220225,24.924499181468484,10.169170311917107,0
20.008682754305738,47.61439936310077,33.1501661189259,33.965772926074905,14.995874203838142,0
33.67314107218876,35.20262318382083,89.01258657924329,-17.508664673202816,54.302851027627774,1
24.879618141484386,47.444629444857256,41.388857251088396,32.491720585151036,9.016425946408111,0
18.92830772063326,44.376887500017766,37.10158584795187,29.367008149744827,13.721195580044695,0
18.394058717737675,50.174240716520714,40.74788570455444,26.033892193193797,10.86869591517014,0
17.811965246780858,47.25054563391483,56.15129766518507,28.60053200728442,7.855879701343924,0
19.467261825302643,51.41714247123781,40.294448837319024,33.38557394733214,9.145986671827508,0
19.53686591012824,46.13628222079912,25.27385419214327,26.072921969201403,11.553377548990607,0
18.32848075035351,49.381787385819905,40.185619985111884,30.54001820846087,2.9202933543210365,0
19.623934497207244,46.20097738411244,45.73846395797284,21.990798865745674,0.5235083450011766,0
20.299239040208974,48.7332108709912,38.6671199448348,28.383673176135556,6.893239855397116,0
22.92688932473585,52.518600464003505,42.08857474190608,39.486056914655336,-0.6810462258976777,0
17.973761251438848,49.68025133888635,45.16186496063592,31.637499274554997,7.294758774893092,0
17.26336740472148,48.061513287159016,46.815737430119334,27.723803837438965,14.848916804071315,0
18.338444416389933,48.46574841151367,24.640219012200212,16.246543604991896,25.0373897979567,0
18.59839913505783,47.157977616804025,37.06850148531483,31.829137615678455,1.0862519962399126,0
16.86316846803565,48.125918209665535,38.15030955384591,27.408634848426146,25.679788626716764,0
24.841107369361005,49.40783100256386,40.04868273752187,29.667250125523008,8.4577206624233,0
19.35083185054751,47.92296732470906,40.58934230018287,24.168213586921187,3.245628496609516,0
17.992828414238062,48.736383889589085,35.71365536104144,36.92747246310522,0.6271100453449794,0
17.77257350301646,50.26576215736463,28.024959373027887,34.99764835161676,4.265951457915676,0
20.074911000129195,46.781007231268525,29.383102482983777,28.410585648244606,15.802193873746303,0
34.39440652900645,40.9241703729907,-32.50902176603367,79.18922804772538,-31.0355453809893,1
16.559113873673,49.511158024325496,43.31658167591741,23.006795919787514,10.093846233545985,0
17.156728736107002,47.05756031438155,51.00273742364671,27.569563863862875,9.002272975878762,0
17.202469141609686,48.95931053791104,26.19708019440761,37.198599353301006,1.6392231501591166,0
21.02993232842855,48.021505503273126,44.80834988599102,25.074831019670274,10.685876262690662,0
15.836695276293177,46.706534737006486,45.63999852633124,34.99267538641601,18.07602005633808,0
15.936132160716966,45.97773872032811,7.540670871836603,31.641241582428293,12.41647617379753,0
18.66506651584526,46.10711077582239,46.24513884914735,32.76353648012622,4.3131266348497395,0
17.797447187382097,44.362255002311755,35.199663613349884,30.72616893860545,4.197383158004528,0
19.50841161999129,48.46428533712534,49.65383913022599,41.597604851310166,18.247252207468552,0
22.8628094421445,45.58441203707061,20.334718848466633,36.697643850547614,1.2889170020993683,0
19.211676034481886,48.00560980481823,39.67717105821961,25.49570559627287,-0.21269677005766496,0
18.82429276401588,47.72546517750545,57.29780227348524,32.99205495772532,21.760734649294164,0
19.40168157927394,49.565660335268916,32.574362770451735,32.70792935446266,7.290852262891226,0
18.417385309484114,48.198927362041566,36.74161092428873,34.478115649725126,1.4583839905204936,0
19.358044667520954,48.32332225712709,48.982633711701276,22.14032562455193,12.307480552661449,0
18.31579907842816,46.77031564918431,46.129831598161715,19.116099245093523,2.0476716113929516,0
15.663292587510954,48.94850490974585,33.40369051232346,39.261784604557334,1.4963568075200477,0
14.628779481623983,46.22599729701714,38.9567146956173,40.37858043236459,5.997295809395463,0
20.62681165342071,47.65496354166137,52.17714502277221,41.43096171253853,18.42639514301122,0
21.20668403964345,46.42588443035589,31.481280371964434,30.613549481363364,11.948505399868516,0
15.560479903260529,45.44828980941832,38.383585388733216,35.41440172912441,9.900973616853454,0
19.87763452955955,50.83341384793223,53.615876635259696,21.646627296617833,7.798397319762017,0
18.375341691577823,48.15297625951054,39.136502019416504,35.89869755722853,9.365279009262622,0
17.381419554173537,47.58694549777973,48.150145966200974,44.641891853775576,2.979736208317738,0
19.6411945568699,49.87202361044191,37.48626782463412,28.39277162764333,-8.260067341566488,0
20.96044889503693,48.56357682897305,38.955241430256606,20.95651787476157,3.2427672899309083,0
19.89409569998799,46.80996877498744,49.43670783613119,25.680637908340085,10.331689873339553,0
19.437075704217442,49.68669357807465,42.73895452440477,30.353120877581613,-2.2131752347245257,0
34.672923386888876,38.70782335489371,-17.236676728589707,-22.882128440775308,-40.133730201160944,1
17.569126549956117,43.70395932636253,30.2941998809434,16.685070492190356,4.195446051644258,0
16.995478713120498,50.38270700983884,43.4499222690384,40.02980219406637,7.075802484091854,0
14.40452518532027,45.76510389705862,35.40143202994898,29.863900778526602,-0.7987380203883756,0
20.117978260549005,46.488215747269514,37.559422130675735,18.228473177075976,13.872685319179794,0
17.04192607659342,48.25263827479941,31.674066431395936,12.486887593760873,8.079240393232256,0
20.06366224830294,45.79099418914443,46.022933411155556,36.79278851549534,11.967581208251378,0
12.249608535386871,47.08358951559418,38.91124322112675,23.486980822585426,24.56102531719148,0
17.581886401217695,49.560792257592325,30.144248316686415,37.505303332619384,22.93853765219894,0
18.44154945519102,46.26319523082085,51.94863151468462,21.933142262707907,13.420288724277913,0
12.834213898185734,45.14044655812263,31.47412154929506,28.004495471067187,3.147902721524524,0
13.218476427214634,46.39885177640989,45.26474462639415,23.684641733976875,5.6310094934167445,0
18.17681988177885,47.048763597338535,26.059039683418654,22.180662793551456,4.481254415492743,0
20.223071148511167,50.66014398885616,32.66700933042988,30.67536611724611,13.34688326914188,0
17.661571071916004,45.74926088933552,39.78333189192127,35.19534742836414,-4.458932578216567,0
4.076236919680915,39.3655806335135,-40.342776742487686,-14.759893249278754,47.47154441234336,1
18.247926878833017,49.09399290389197,40.97040547614878,32.93584956473623,-0.7839787471130215,0
16.961340635526973,46.756168950420474,36.84499395364004,29.835905694698223,-7.7114203364232825,0
20.195760220874092,45.518087196569745,35.65366333636217,36.16609693412598,26.1638538463693,0
20.960098972134933,47.82554898578862,45.86794298558368,24.552935254198054,25.200209011187702,0
21.47256595608493,46.95878486292798,51.367394422269655,33.706998827693894,11.90461350894143,0
17.349633163841602,48.79697558721434,28.320998765077835,28.13568123257791,-1.2984012471865736,0
19.30067041628819,47.55562184251037,40.48093992427192,27.11990725127329,13.37779636644634,0
18.35704606447368,46.28302928583868,35.02418298330619,25.199147967977602,1.7815780181634322,0
16.099183025463045,47.745918584475476,32.286362000062226,37.46031757895999,9.369320030979342,0
15.716066651132401,48.3064682496285,38.36297851401327,38.14801440521131,2.385914847608168,0
19.283622183117778,48.911149817478474,30.57299018757915,28.59602127334766,23.267694523137713,0
17.251403412805768,49.861180095986796,44.922691312226796,28.311238576668114,9.83175293997008,0
17.554939162293216,47.28378974748769,38.00126840019735,29.077163333646315,14.210367252362015,0
19.458805678161557,48.06443669524911,53.95103877531716,27.21469037237805,2.8491546544820174,0
17.552287374738462,49.24093294575004,38.76829702025474,41.73919404156381,16.2622462680985,0
18.720852241338257,46.60417340786406,39.09219948295813,33.26439661149286,16.72106212596401,0
18.735063950763468,49.48012852424463,47.44380905800798,33.74271887649679,4.08570023918641,0
16.029636687607518,45.84769389122586,33.670446350013236,18.600727897704918,14.265043170015664,0
16.471519280097887,46.40981101070746,46.82298394163558,30.971201362860963,10.77156714139414,0
15.513928167314818,47.333914188850045,32.85383298104137,26.58407932728684,4.458617250700099,0
19.37656557171386,48.27506158028663,35.57604936444258,19.395373615427207,29.169145472140606,0
22.445625212298825,46.087162112571704,45.615357935059144,37.40100476235562,6.001187114070881,0
13.017130035558063,47.894065968732406,37.589879256185654,17.444955183105954,3.8993346627778185,0
14.61148180736518,47.827759900754614,38.065946610984554,44.58299386384103,1.0523712486394068,0
20.551509682030108,44.55876344904384,30.632190541672585,16.75189163984591,-4.603307276319709,0
20.251430009425487,46.60318838148847,38.74034221167043,22.697731093056774,17.778623643329613,0
-1.0880012871040798,40.41669757716243,-26.574045500889714,-11.4809229366767,-43.42241898881138,1
19.996239627750462,47.538274743746996,23.411182118529368,33.57080794752672,13.469518989525614,0
20.021286696877315,49.88975911141132,35.86863407101763,20.215554684741637,23.740504438221457,0
13.541048794663624,45.84287313604892,44.12958125863814,27.002897648979317,7.485625986044077,0
21.957455835140316,46.10390098271804,47.47932600296978,17.50192741217225,7.385633435094971,0
17.06933440305601,48.71216087050865,56.8867081451358,27.420547610927606,5.804785074284905,0
20.598220867796833,46.5071287624645,27.14566789189103,27.7902423165389,30.065091067693274,0
20.08891265920122,48.10744218992094,26.68911934659166,37.37435537486111,16.696367873285848,0
25.108948099004042,47.52611820424201,25.939232141271813,32.6573071386407,-9.595986489477871,0
18.949841667171157,47.06303370023094,51.71691085942606,35.69540604991991,-13.368509772181865,0
21.89533174233395,48.13606571739504,22.851252802333256,27.14558703563851,-0.0383760965527804,0
18.514260230344643,45.15699900019676,32.45188140400333,20.073021359282258,2.2056679608545204,0
21.172117944263345,45.977443980365805,31.634837514234114,29.493471649644494,-0.7582819885705057,0
18.94636038019236,46.07277064372676,39.767027063379764,22.824347484872085,15.269705564484273,0
17.70333956336017,47.3544869467075,16.403689107409082,28.070730765811405,6.425121818327799,0
20.834277530330144,47.65161901139553,32.47527402190946,18.33047566056686,-0.3776058930295729,0
-0.07046228797278117,55.31592721245471,87.7500134961187,-19.206475776853303,47.17905859008966,1
18.25172913559648,45.78678103090697,39.800285344467,26.573361695912393,15.68404467842318,0
16.23478101818334,48.28875888913798,38.6253763483249,35.5917818980476,3.8281548235067895,0
18.99180188533515,50.76390288797637,32.26905776838698,16.128508488686553,2.207046941621285,0
18.10217330455152,47.47357694036871,43.911608790529485,22.8048061735415,12.750124394103894,0
13.298129758860867,46.57636092634822,39.42279353134863,14.240349035485286,6.287177594125405,0
13.214445250081084,46.52562150937519,52.00542465462348,22.98212362253997,0.956869621829771,0
16.773035341183274,47.59568882114981,24.641698000823666,36.15385346775096,14.824343836702882,0
17.329168858652086,45.8092506777301,30.10230167818463,17.71794638493929,9.605122421409456,0
3.0163721500035874,37.992588959592425,96.85572290968264,61.858829684031114,65.54849645102668,1
15.93564405431793,49.76616819164945,30.31952720773254,33.031436446978404,9.163784177456826,0
19.32402645894277,49.04246814028426,35.647162073874675,34.89832184663414,7.953250656157091,0
19.205118625238665,46.34157869532961,36.85178259388949,24.8446253890353,11.983992613020426,0
17.578760859496228,47.91283160842752,50.26323732700665,26.418696636157513,11.416199742298314,0
38.8775077682612,58.89529871307544,88.15890072310651,-10.567101832612456,-30.888381858866275,1
20.671827789127974,47.38639157269825,17.748616300458952,17.186798950289585,8.961226762043223,0
16.749040101614714,48.848112524612844,48.95579351527488,25.186409665347345,0.10552449551182619,0
16.421466212657926,48.54490833628767,47.47337951383932,41.44995087897489,-1.8103793211839285,0
19.49620383798714,48.519322848968216,32.22051908148549,32.2237808045637,19.537923869570243,0
22.575623213719556,48.92268132123949,36.13872134870072,21.81145548319035,7.771820891626559,0
18.229687609798408,46.34093281658525,24.91401945190404,31.696043432706173,10.944162467476321,0
20.509719648166467,49.04589630143503,36.5670938880163,26.75527431858739,6.425716755872167,0
38.3075923417757,58.59912915957976,-2.102969314272034,75.90853551121457,-31.020537238372714,1
19.802673267095447,46.18173196864239,42.92791494597024,22.96480380047208,14.35277353829018,0
11.19977216103908,48.57258696027333,34.71653977966251,34.0944394929739,16.962617270156237,0
18.574624292639303,42.4118028292865,40.88777453563384,23.434075525195773,14.060537386154262,0
22.12956358641714,47.84638308423509,42.104652638604435,34.439149963173435,11.418742124067297,0
18.04986244313696,44.36793731196253,27.51857753425753,28.57398005423348,14.503690759489379,0
23.219538441352867,47.564805283136124,31.485416488167534,32.1876624912983,-4.437087245230938,0
14.856667234414695,49.368506752538636,35.941504806912654,44.608649138074185,10.742078881274075,0
19.74024129926496,48.31669608417285,50.865677732363665,25.547010201702157,18.95307180352149,0
22.905889429781865,45.27489617110358,26.702308059731845,21.18452900708919,5.7599980504672965,0
22.664295273288083,47.479080223774005,40.09373809910916,32.46672305185159,2.5878961912126757,0
17.741216405716663,46.46561257085092,39.91965503690057,32.205125569932,-6.445712008897223,0
18.730091893239422,46.24403209788752,33.62424625303424,31.428358411347133,-7.500848830655631,0
20.30650736343282,48.61632639828484,43.29992491346283,37.364297313330844,4.633185377440986,0
20.10080758207138,49.41011927781549,48.19780991969398,22.59287415068041,2.4927494886429225,0
23.461271685489514,48.86852668421509,21.609355841386677,38.266354965617715,13.150791349600636,0
14.486141308095192,46.70664876274301,51.31686529678499,42.42538383832241,13.745291658100285,0
20.454506864475217,45.7608757942023,46.109985302170706,29.586126716113547,6.071746852392791,0
21.633991756051177,49.04383576837419,41.575964975025,33.935523280939094,38.93379869421543,0
19.007050622089693,48.683033415466056,25.72549039226376,30.83891331503216,27.564383090309327,0
19.561026660275658,47.84300504591719,48.071937879047745,33.99681940029573,28.72648569785079,0
20.66615201648462,49.70230836299657,29.49537045440365,22.570229840070027,13.631008591873265,0
20.898285449699525,45.58729794369452,27.43698489482335,20.34771581754223,11.54397504720069,0
19.416385752527738,47.46474679686634,32.7574107542751,27.129171853430126,-1.7668942316001175,0
19.523430471913148,44.5484894622394,44.02804263903504,32.47878238595427,2.8860204045741034,0
24.03991826191423,48.912820718170146,40.41079959672754,31.96457923180998,4.399071875836228,0
21.721092233383832,47.173086146293564,40.374507881093685,37.2758258716195,-2.9179254988676107,0
16.478700141013558,47.693620226110696,43.17191910065651,24.594948120523338,-7.849435466524417,0
20.462329615078772,46.50172885429415,38.431389446921806,10.980156801344016,15.89011098725571,0
16.654465294919692,48.206086337382835,30.875448746392795,31.897176151409823,7.587554341177266,0
17.46495056443525,46.60402622387207,39.314573488193595,28.47374786981919,2.769067960383955,0
23.220582312246062,47.14214380157629,47.993785170790474,44.3811372653861,8.346530355341237,0
20.634178719547545,47.22793080200074,37.54720226434394,24.893082431054893,18.272516534753834,0
18.161149348097126,47.64537761029164,35.17743480258849,41.4017481904361,12.36526822974582,0
18.630827149965683,44.79896976610712,37.3019189792645,29.307290159003166,4.475768761404208,0
20.860295092629034,45.78910830772012,30.726551325853293,26.088929383928527,3.444429297302152,0
14.725323129705508,48.93176715562058,39.72121195936038,27.886991597526606,5.761732572331335,0
18.016507854692446,49.57700764819509,15.618492189305144,31.041311500541223,7.735371464715965,0
22.26345268477674,45.492859773370725,32.37978521709875,42.19951960527896,-5.18137697009819,0
21.076682231079527,50.890496492584674,53.657094824738316,21.09267752534744,11.07347817348655,0
16.57865506921697,47.046901227479104,42.50956748271211,36.462268926355534,16.132156440619774,0
17.640984175593907,46.63490284421216,33.82244772650224,29.613831025863426,10.122758106684358,0
16.1662125661713,46.464311589801824,23.59516249304842,43.527046489291806,8.82217074837032,0
19.102788009287593,50.084371925762824,21.32260970832455,26.546110660614616,15.033491198938957,0
2.5246884851746914,56.93695436523147,-38.11818907315676,-22.536696869198185,-47.001800663312565,1
23.001869968355148,48.15962633103947,28.38217134706337,34.05953575912338,3.109881216574271,0
19.99178250190375,43.02301837786002,27.23026459630946,25.54173378769183,8.694137611408536,0
20.009326494108752,45.990360678578575,27.831033480202883,35.22908549150725,3.140201063209749,0
17.327077018824145,47.48393776783515,38.51354479752462,25.910893762947133,6.634395120171032,0
22.107193453166268,46.15337586151365,28.832139283137586,28.19589481361641,10.284507669797073,0
36.55762544442836,36.14235284155182,-30.313839300917113,60.37260323063999,51.088970823797105,1
16.915522427143713,46.409885151088474,30.775387712581583,33.228474569316674,11.293930390168494,0
20.22183009950122,46.96773340514498,46.688130408325975,42.88046649354872,13.311110160117014,0
16.59118466400755,48.74352119724699,37.053170918320376,23.287106073858357,23.136266874904152,0
18.657107817419664,46.06037161958447,27.198137101827857,28.82144957530733,17.47009820079493,0
15.698446936949544,47.13613803660584,40.31176586186427,31.682544028657354,-0.2347721683248647,0
21.53981447417796,48.84056330040296,41.88562148159453,28.406728616282546,6.1670686434850595,0
20.42202418660714,50.04294799305345,37.27410818499736,30.728811358340696,4.68731850736234,0
13.419240562217203,46.993982393321296,10.986659170181465,38.669414553561964,16.621099577272126,0
18.062580670038624,48.70365361576002,43.45425131353446,33.53038598698916,4.281886081507654,0
20.022955134687077,49.8236684492106,37.43734958124781,31.276102093675355,10.674995263196804,0
19.38916430711664,47.87202204269013,36.261461913484084,22.12217730997377,1.2474564374480295,0
16.63857631651744,47.41383015321057,34.22881564918399,23.696405012125304,1.7101967690172222,0
23.51107720922574,48.199201106659494,47.98620557433317,33.57803615646203,-3.2971601063013836,0
18.589012482717926,45.9828543381778,26.79533293042192,32.852689898790956,4.8800505255248305,0
16.613778353050336,47.02765697301359,30.057122165618946,28.901882832263855,15.680607188548574,0
15.51609374989828,47.99978230347109,21.50275175453792,35.50163311165456,3.5258024143906264,0
7.9242122255381195,59.24635488955787,95.4139646755168,-5.725955410232697,-34.80954791274882,1
21.918980408663078,47.43769714280088,23.023087987902755,41.880663800263186,7.377466027460613,0
22.363419078922874,47.35632101637352,47.60981084750603,22.23033148685312,4.67076620975852,0
19.258675040918682,47.965036956218654,35.92177272394353,32.94504203737422,-5.620837809526103,0
17.53280333392235,48.54820891595676,20.75939219849154,36.920029662130275,4.629480638271078,0
17.38414313163322,49.67332615908415,28.513568891438894,32.08964280455011,6.6665996650427575,0
20.86079440950222,44.383945999633994,38.85848080247489,32.252775188798175,-4.771834033972265,0
19.308201767536094,47.0234166432379,20.436595271974138,34.95201548785828,11.067265342351618,0
21.69170631794603,48.7872043033005,56.815843825473195,21.420065574720418,-0.3284185656390921,0
14.894108415395928,49.56067087298262,32.66846891749096,32.00101336618385,3.4797100070937903,0
20.209960438120326,47.72475228632894,22.310806295968746,29.825584559024716,9.282613252526009,0
21.09401750380763,47.62998116321488,31.081101941610616,39.74401524340101,12.42781646344283,0
20.721040708257547,48.25937920283461,31.20551872250063,33.014333314526375,-1.0891126479848605,0
17.850098758716793,47.80519060712532,27.10900645023127,33.06601439633184,8.277567342013816,0
16.235209454906713,49.127828078142684,22.305659916548933,37.97079325299084,17.97645052333167,0
11.97963616059956,47.54105144325358,40.36405633288517,33.68128898980175,0.7844965608327659,0
19.214480665987313,48.24585650163899,47.748410730871115,27.208946731302667,-7.307937928734555,0
18.336691516068356,48.655119094681574,38.45522984226846,30.869199540098112,5.303046641448683,0
19.473392977964735,44.86304054167264,26.017454605805707,31.889623036062073,-17.86914037011637,0
16.1688469860958,46.73774889169906,30.72706604248864,29.772592792179577,18.28158928839231,0
23.084582924978257,47.916306643041125,48.56369274393124,32.09819882240196,7.972821800590783,0
23.021828094039677,46.66058303146539,61.524233341314854,41.42501819282591,1.3066582236375908,0
23.263872916413526,50.16189389433014,25.29623969853251,29.740013080074927,-15.409031285804948,0
17.100012694805798,50.28455434774112,45.443979573775984,29.11426084561192,3.3602477591702202,0
20.25057531488256,46.24224250893302,39.73171506094227,30.612977481200964,6.749281687870368,0
20.02559966509137,49.22195319988227,42.306463168586674,35.68544795090467,16.760061625855187,0
17.29297317550154,48.717064044976624,44.45337698083299,24.12071574167493,12.888790035601346,0
19.471686469617786,44.381106599993316,33.78079478244905,33.393348894430005,7.317493361903771,0
21.842865059486574,49.94066668786947,27.687589921747154,27.67308701428998,20.854339997108184,0
21.07038520272699,48.055416949688876,31.592293870954585,26.415030254801728,1.2677169239067219,0
18.41287779640008,47.68332174251955,39.38927624799328,23.201895513962977,-5.571759543431055,0
12.189107783310961,49.01272198538957,48.10343737811377,19.522081643979618,15.474018601951483,0
20.55051163803384,51.14263296079847,45.22720437633528,27.060550007827178,22.585591150006216,0
16.472323735348127,50.379204802478675,38.60551114963241,22.252073318098137,10.287182686536811,0
16.32235880661362,47.30793650772621,41.300159922021955,16.082631561176722,8.32193208789688,0
15.29649487173499,48.2189790776419,38.84961300241127,22.820254554814674,2.887801109729886,0
19.501736149974022,46.34332881107282,25.556256278732704,21.895724572971123,21.000244311720735,0
19.012113700234515,47.25259818639158,23.560413665506275,30.171495496986818,4.445703424445609,0
20.03298110787686,49.54744020142803,41.69045914161258,28.543344570127626,6.258545957281918,0
17.881916591285286,47.201104509691596,45.06780246571734,40.47362631649153,-4.817066512574646,0
13.839158984643742,49.619735254920265,33.14050262858891,35.11874349142528,6.674501469346903,0
20.21714416625066,47.1776810760474,26.70424830573163,38.49377474762294,22.783345617623354,0
16.492273386139487,48.92907618014066,38.83587238438107,28.420846027533447,13.025036694804196,0
35.402528933069256,59.84472867354627,-33.409432121298245,83.07036282480398,-47.23225834321431,1
18.625746915984532,48.613056239853925,24.26405690947321,37.316736961170754,-0.9347894313879674,0
18.637437323947548,50.33506092960586,35.671589253775366,25.00284873425499,17.087894615760842,0
31.110468479155596,38.045449160142226,-10.065073849274725,66.96918186142292,68.85421235980077,1
24.284500338800374,47.257668674911386,21.12188555255004,24.02079574407651,5.812568531301062,0
14.349068568645448,45.40445510650601,33.08656263303544,32.090968617965196,7.34077005257696,0
16.256854757844597,48.62025024979401,45.986783857969925,39.52860551516602,13.016038094410234,0
21.96714865844742,46.16643483274591,37.496742377964026,22.727739524866763,9.09268768970697,0
19.019422463651836,47.773317774167175,40.45605501661293,37.668339329515014,7.496816312091482,0
20.875999313883508,49.46148152407893,48.922218166539636,33.672385941001934,6.574969287825641,0
22.085612420819476,48.04282498337018,38.76721333987345,27.84723184226118,15.106049980610356,0
16.88917292159581,47.171293666073666,38.73051574992987,26.334827458528014,17.642925940660213,0
21.41106407573339,48.30680737691291,33.41044439880821,20.99909153855082,13.722722874437892,0
15.23110021888385,45.99578831907742,27.086197441144492,26.963010963824257,1.3967673733798485,0
13.391791019633978,50.26217808338209,38.680806745121714,57.46036616639917,11.908111520869175,0
15.22038537524365,47.39615586956607,45.91246719114879,26.024265615926733,25.66356222385558,0
-1.368270457179468,58.41961056747639,90.18237935711416,-21.341630340253758,41.26021118165115,1
17.609027348877472,47.43117049447404,32.23170813738252,31.797036390899425,4.002650321993725,0
19.28644111600934,49.13152478772725,42.26056371931628,20.010273470994782,1.8472945921384483,0
23.56643050657309,47.61366371206285,47.39027861769826,24.803344257686263,9.307309970401192,0
19.626775227352905,44.40846538946074,48.14321086060316,20.307600505382617,15.030330612929838,0
19.66547736402468,46.04991940423077,35.738640527692496,34.6280989792226,-2.7401282971709406,0
15.714047427243806,50.413696891278335,30.95282947799204,28.3796978676871,1.7455780242903023,0
18.137192739185885,46.07465418118075,36.129629675337995,24.614999554897746,8.065955548383883,0
16.66800167143804,48.95112552718947,25.675961423930488,34.346650628195555,12.83289066131803,0
18.943334484743975,48.79721392942819,36.46347624517905,31.624295805798017,7.29468891867863,0
20.711361531182188,48.40998106494933,52.36630918275178,42.67962927169193,1.8774933990955542,0
17.5079066013966,48.91798132177441,33.665168652020604,24.18898437045829,-3.0746818429956235,0
21.519552043561546,46.80388381773245,23.34624219431963,35.73976689945049,20.80104895414386,0
19.986292065908025,45.44864297779352,45.78246549888244,23.63400408132508,3.1391317804110237,0
19.601882513279172,50.501633953574704,31.5199774858769,30.98735762356555,1.6665891550131295,0
15.349805414506198,47.21483619689872,48.421527759624,25.54620682214817,16.661199224517983,0
20.001854279324398,49.82973555344614,37.54342025487268,30.104768720985696,1.5544519351053188,0
24.439012048874943,48.54436954913234,25.06427848030071,42.07984695194459,8.956015972760355,0
14.455522146038916,48.166821653320916,42.52736139313351,28.12841866927188,-0.4639742249832288,0
8.282485454589,57.65690242458684,102.80263893730451,-4.727521283317473,57.89123764325543,1
15.20038062924473,46.64290017411541,33.619209974688765,32.968470540272854,27.410562489135707,0
15.081753660160324,47.11418168651141,49.86383157052994,40.68405808476989,-10.072517542047402,0
19.948204319825805,47.65715814081978,32.08087964999195,29.603956987733056,10.600934871386581,0
16.23012235931489,49.596347744197274,44.55403124880424,30.05641336321485,9.625248981602594,0
18.22602842625362,49.2115434735679,45.967441734217275,20.192342254384794,10.44216088350018,0
20.20296017440771,48.027750807677336,49.80611020535514,28.186895151871305,21.093465028524314,0
21.447350376737337,46.94190005313383,38.12600721199579,31.41505727869848,-2.477096637647465,0
19.37356834819586,49.72443359295859,40.6403013442176,37.392374189729935,-6.55053194077786,0
18.105755171847385,45.91319380283544,41.45748028790284,34.88334946936311,22.316831230465993,0
15.7805254547454,48.129632318740995,22.83411997801478,30.71061913772203,3.4019245069748374,0
19.856728068569964,46.376715521269325,46.82887959482195,35.34497229408318,6.404568568265863,0
22.135160988153835,50.57150163478968,28.721732271317393,44.83001548163054,-0.8150200774381542,0
37.46788232220924,35.09679056554867,91.48814854308213,-3.205679501525384,-43.70864316924983,1
17.1548858277987,47.7585858645748,24.15237620643615,30.95319517267349,10.166285564273624,0
18.664971215539534,49.43659368786904,36.78695398596451,35.420059408536744,-10.948902045502487,0
15.592869544894572,47.20528380510643,49.060980539993004,28.96218852148482,13.240725920571231,0
20.243851060432853,48.18328289365708,45.82928058839245,25.66768567463039,7.48786131186701,0
19.26613255075214,46.763514688479724,33.66673099276835,7.704593439440686,7.14706120578701,0
16.67181935793438,47.418776345701566,44.924619788849014,18.87636513854843,8.924640970213956,0
16.690423442292104,48.206612587289364,19.714450017755958,33.26624009547918,11.314189690272226,0
15.814592967430402,47.21719022541846,45.266936696704136,34.500842695941394,18.102847631861195,0
21.205505620067914,47.01197106094355,44.23608181313095,33.93357759231582,10.548793283973483,0
21.722650514956403,47.748016074360486,43.56713494223326,39.436137163995106,0.3967722780190037,0
15.920601792105462,45.259230868230716,37.81298682872246,30.042151251132115,6.402386070192518,0
18.543715781009755,45.13620567359,43.319816989028695,27.871877810214947,14.662293336524582,0
16.211892051916067,47.1806071228533,21.425894889111746,36.52881223499213,-0.19598157165706986,0
18.149030984904794,47.642466345698814,27.82658507499093,40.20880774819038,-3.6115069035672285,0
21.76573847933278,48.545443127489506,38.54266810931106,37.68393248453442,16.290982083668005,0
18.11178609210714,46.94318504876339,41.32791736464515,34.931863237283864,-2.0747476671536447,0
20.599299311781184,48.46907584196006,39.617820844696894,21.113821740837146,17.439097819582173,0
19.313424591651962,49.234036041170185,48.14156216445703,30.295127073767933,15.545385021751182,0
17.65017696603827,46.993939833345515,36.64910208887425,20.009547465515126,5.905297726279425,0
19.147591538916,51.007584194884885,43.350261739969845,19.113890664798582,8.004654129337714,0
20.150924286899357,48.256399178035544,33.482041460452535,39.24509272344946,5.7740192000899455,0
19.28170285341027,47.05616857631329,28.112092775120978,25.4627022393527,13.800538904266226,0
18.6615889209072,49.38960771508572,39.118264834254056,25.224071954862826,3.3540669796986453,0
17.658407038256698,48.079608187509685,27.5601888311745,23.53306982583279,6.363226456749259,0
16.112705890638463,48.65551077941296,15.355358445828653,26.412946675824745,11.356568131342883,0
20.87924014719672,47.86421703029602,28.560519244887274,28.902106895099124,3.355601274446527,0
15.174138503731784,48.743253356278636,56.64848051007114,37.955734691862574,17.337224176972384,0
18.58385265840383,48.06997078871951,48.88841827126064,27.210893879562104,6.9054861097528075,0
20.741899398358715,49.36726506221178,25.08960687681569,23.09928470317864,13.106361692022173,0
21.06573252415922,46.26602102308568,28.610576355737795,32.50857892610657,5.970818202169239,0
20.443399582421975,45.84128468921982,25.59656316638749,29.40172942341158,16.197709428911352,0
17.555489900827318,47.82925853580561,46.00157224726141,31.357841996714104,1.5052972396186952,0
17.627751287067458,47.72904763088076,38.76310204092152,30.81089199629708,18.82417675936953,0
16.090744040328044,47.340728568656665,36.10189484556045,27.698131921982622,11.866267332503364,0
17.014216394335374,49.17963421343795,21.009851766852588,28.46532448620721,19.689056011269955,0
20.815248506812004,48.89598289264461,34.46199735782186,32.08819871529552,5.564079654027127,0
2.9113119408888197,57.31832755474084,104.65737602228235,67.45656545277937,40.256559532375434,1
20.28636615316941,45.80894784592707,29.493182240235853,37.584263290011165,17.789462007005795,0
18.42475698302929,44.181410451175125,26.874722927767255,39.1674156689033,17.011978094781774,0
20.997389062569972,46.8705598784211,36.4828965602065,32.482401926419925,-2.3193159682959497,0
21.774745105827414,47.87176002665075,41.48821557389895,45.112457313901146,1.915964062762674,0
15.932311520989163,46.923774128131924,52.778243544380416,34.621572346991,7.755712128515997,0
17.30003347132006,46.88283344507548,32.1927664596034,34.1047651191204,9.266990788085034,0
20.58321142388767,48.35170860199508,44.93193710345262,33.530243113219655,15.502874145912097,0
19.22625921476668,46.33699563557455,35.142339102580046,26.766271820535977,7.203382022492666,0
17.328650087201044,48.15509324485584,43.934473158833896,11.76673773900854,3.1423095657071123,0
23.7065987423668,44.65687668146319,34.485063575148914,22.639969889012477,13.99273138271278,0
19.561888608314796,45.55790978661918,42.550719998199796,27.762647655504864,12.593620646327718,0
16.710322705384087,46.55425701112094,41.43873693491532,26.128156735119326,-6.7529216378412595,0
13.117516156728993,49.96148005508709,24.13060048515208,37.62098066660169,6.643296011815739,0
18.2383026964322,48.673534674311156,30.401803597115176,42.58347967167152,11.74329417083198,0
20.439200026375946,48.59794962829841,30.170545577376032,21.02877339459517,13.634436126101313,0
23.482622145981935,47.37220750502794,18.90242015167135,40.4316425312232,-0.6944150814875538,0
0.707500646069175,36.03275827385435,-33.470979719369026,71.84830141784494,47.99894100522867,1
18.310265023326988,47.60040183103081,33.424663767274374,26.118059260032467,12.675124245410661,0
20.861800961882917,48.261603776096926,42.49903091100466,37.51044012074245,12.324445124974208,0
18.064502203094495,50.06291451345438,35.540673311608195,27.33872133424258,7.0868951798544035,0
20.473066461813538,47.73518190836276,35.64467833495285,12.178966772096889,11.323929590611197,0
17.071814788727515,45.82596516904913,38.56551420564574,19.961289946787872,1.689069057523354,0
16.965378767038487,51.09644720335397,23.81631911948413,37.01290341438137,21.069606254437645,0
13.509518814685116,45.94209606642443,33.4497354931517,27.071846510370637,17.507612327797,0
25.275855932958727,46.64373233496589,21.859169712684988,26.063763905472147,18.003527933528943,0
22.92111708037661,48.13850332910854,45.21126069951835,34.27202895091398,7.835112352733004,0
20.732442718965437,47.138073563429025,27.119909778132705,33.17250249583564,4.048208528283649,0
20.1387549879355,48.07413105643708,27.735003697118337,31.836418590229332,16.024375270481166,0
21.230160168560115,44.2070325753254,26.352383938165882,20.926511084538078,2.006921142649774,0
17.426194880765458,47.30209885443547,14.414544457530717,21.37432614155297,3.3521947107180514,0
13.506683310369654,47.109827265177856,46.82594200355173,21.636921149822662,-6.4109594825343645,0
4.353001433993637,39.04229531734196,94.67783764168294,82.0672909348915,-47.669107242439345,1
20.903162451867633,48.196000140967165,47.83476604058186,21.825119320487815,3.11397909120911,0
16.417803392605354,46.16092050792351,21.58765053043605,32.57198790295299,14.410074065251933,0
20.717126166136005,48.2734456657286,34.79395099303936,38.38833280616149,-5.374475148641906,0
17.99899682269815,50.05016491538992,48.48366921707776,41.35036170887826,0.005412020119707428,0
17.560849717781505,46.129971298358065,51.84709731490284,36.02669753310308,15.764080699555747,0
18.774195800897974,48.08518503556737,43.78093746712791,28.642989419577198,9.181648772564792,0
17.52768156417763,46.336231792874216,42.58746539448485,30.584815665075247,-7.64389565418662,0
18.703227733736462,48.0210020888709,27.264055639686106,33.37894408626465,6.383746812642374,0
20.13701754553354,48.23882982189404,44.16363636918065,32.79384397486985,4.3171245185184395,0
19.912733637283598,47.8476020605341,32.31911144314479,32.01225987799297,3.9262808401080083,0
18.433286939384107,48.33401745209802,30.20567413201084,24.376442341522036,14.689212044602467,0
16.39902388946873,49.7533032385136,47.64137851288811,35.478967938255224,13.877096662653823,0
17.695153497570693,50.68403471887611,34.450197707561244,25.20086048474954,24.341064131005595,0
1.9006959373546455,35.799608339084315,-14.827330999831199,80.24871118256458,-56.0413424772083,1
21.496269488030816,45.46131181995503,35.30022124284637,39.96845159037592,10.4987628602012,0
17.405959715647796,47.68766651672826,36.87330248561357,36.51137282630507,8.041383225597665,0
16.435676192958123,48.47983526079854,38.25996780071249,21.690653952572625,12.271603417140941,0
17.832774085691554,47.505016106039655,40.14833949911163,28.366170661303343,22.654790243826298,0
18.48907386646738,47.15710203095156,42.111801647618094,25.646410460826807,3.108872315745135,0
17.21953913383938,46.212140626165166,25.316889630981883,22.23957146438029,9.552635908250412,0
15.23057094707638,47.300219254593635,42.14623628660703,20.523065088451553,19.110672549846853,0
16.789731629329033,44.073807985610294,35.50668083298343,31.56502700995339,-2.6976791371228845,0
11.823123916758728,47.449884034282555,22.076688440646194,28.020818321788955,5.8151497094075495,0
17.192593614733223,44.178184240820926,57.75705067079923,24.045508317435793,1.2692952313712178,0
35.766126428677794,57.27416740989629,-6.365298282443653,77.59550432246022,-48.94061715605342,1
17.28712181736709,48.53544831802602,30.54209093635789,34.89507927523327,22.44683180595486,0
20.30334634359348,49.438859325103074,38.50611438739019,27.716889968200686,2.8098564288793373,0
20.889582053573637,47.52692540744978,39.73453872873855,13.162560187090161,-6.775588545640609,0
16.347509074345652,45.169947816895565,45.20058178892543,16.98902396271952,16.166498007840467,0
19.95533685999887,47.1110304097273,30.321224734061822,30.022867755539632,8.48107240946869,0
20.956069638525786,49.03563333612309,38.03810925661511,46.36463459744925,17.34885672659589,0
17.453251861311088,46.29949595225289,43.02189645628988,36.95686865039033,3.3329303584363883,0
17.72008013645458,47.581156174902524,48.2566989216097,32.51774812265015,1.199498886639847,0
13.914502529948118,50.49340465213261,46.468058847939034,18.813357124009336,24.677065372647043,0
17.47797947341992,50.946066069627165,30.74838421052655,34.6859642623024,22.556415785186736,0
16.222425243212538,48.18109602350546,31.384667814910152,31.306024693128457,1.5116649644549245,0
18.57171758301135,46.41584031451979,46.99582139054535,43.26245750952982,7.973145610916026,0
18.432038220935056,46.92718369771255,39.96773998400259,35.87054177195568,6.7894317919445255,0
17.15989217914072,48.31223414122618,46.73205518504888,26.542602055595548,21.17782295387351,0
14.83756324420426,43.05854144877875,23.101074457724827,37.213154213114905,3.0850259017173087,0
20.48585673087127,49.85407608476598,26.190346434457716,32.12834065007682,18.92402236906576,0
22.40075104641237,46.986687316968414,41.47389397317157,21.663555444531696,-4.829519590825047,0
16.28194447673998,48.205356024496695,46.55093282086793,27.10288423939142,5.095704366143229,0
17.01903844505645,46.37701160869149,44.05660764902405,38.777625065409055,10.679713115289374,0
20.75096415260008,44.42130404199334,18.5656333291649,25.132881726577068,15.942373867235096,0
15.01998937828839,45.310745746002475,31.7017330575004,31.55986115540693,3.9946006435050303,0
14.630399604314999,45.61139087033537,27.002102293229346,20.197643920498685,-0.4081062024203206,0
18.071199813769102,47.15394743476934,21.637316497843138,27.935619361059537,3.8320532766487494,0
14.40749687456203,44.69986526145191,41.026408123205385,21.846737595677638,-0.11592653366226191,0
17.663891639163545,48.53603975158197,22.31394948913627,32.30617333700663,17.043294802710555,0
16.421336556899853,46.01147301906158,31.452630404337853,20.41516495097293,14.586025456252825,0
19.232850102586664,50.816362669855124,46.74022506331878,39.16937176782827,3.4758430507922267,0
20.06642862698344,45.60658829379648,44.693975156990476,9.500637984619619,2.3122553736845965,0
16.86557461692904,47.14442892062655,45.99628618753642,18.923842980597087,12.825607812802941,0
36.648269260105,56.1140208103661,-31.018769275509424,76.6486448494551,68.789107711808,1
23.4799216419293,46.774122271194045,18.635228733169,33.84750468901919,8.168536167585211,0
18.299192814265922,47.767645615554734,47.89715215905453,34.48112661440531,18.969779810238585,0
18.732862933524284,49.22778722917722,29.496360069197276,28.22878565677506,21.18429673819204,0
38.54633745480135,58.62539581189623,96.97066796441001,69.49260109701831,-39.72754775220768,1
16.591290224517795,50.98841432987128,33.89446859809142,33.5457300534213,-2.5345646188531408,0
21.342029372280532,48.98836911548986,44.17454492648321,38.29801818026501,6.279643798696657,0
22.059392312182876,50.004208624692495,30.74742399311298,32.031309420115356,13.797601224422586,0
17.31600071169123,46.24227697086195,46.49394493278089,35.39013056042212,12.58897981466809,0
17.78185574053596,42.94024333808814,35.53047469793542,35.836198295096914,0.5554120622479459,0
21.41241207833178,46.42226337240701,45.52742573066251,26.26803464315531,6.306788561767003,0
17.872446340778467,49.39023312282787,42.01916699359096,34.81937616488209,5.413236599343636,0
22.696202241757977,45.95748119066875,29.181420168693386,31.57503885937958,7.5206529585098085,0
15.451359024040531,46.54797954337651,52.69111388694529,17.02627862667326,15.997778354905254,0
19.33016630024041,48.754326863939724,34.48280004595227,14.43032262844296,14.503131082375518,0
16.560379283090708,46.51836849946598,37.25530084687982,33.33145875874917,14.69196224144802,0
20.194181738788302,44.71255306154486,27.6461590871878,23.984463691612156,7.546880707636679,0
19.158256810523206,49.618621098624054,33.18748861451572,27.86182057846597,10.536127141405844,0
2.939361088923277,57.968930823798345,-39.73528266330633,60.46713548376026,-44.48186604036553,1
22.32868179655708,46.77040331708182,42.1839877136778,29.030873517451866,12.466448342705345,0
15.051277515767236,49.374486595333536,32.34809222930624,40.037907599739455,8.857410775222975,0
18.168820398345638,46.19574498817155,26.62369743526296,42.61824263625375,11.016471392374761,0
4.208479497982836,58.19182464221747,96.89357098760411,-20.556618700359614,-49.50086244473136,1
20.041794071627496,46.69360259110793,35.173596111205654,18.752221612514926,4.035018848004605,0
16.651255145935146,45.54769081529608,47.61554512704501,22.81594644761324,20.572847891190197,0
18.42946596093671,47.8751416762531,35.97952623494018,31.701419494879847,8.542358688395709,0
17.671249166624627,47.942304743293874,38.34908212011028,34.04262063011036,18.33236445411145,0
17.534763293652965,47.918218019471624,32.06374756314339,26.683833198469628,12.185210952418277,0
8.163843947346084,37.61431113545332,75.57507193736133,-10.988997797306826,59.236404880530436,1
20.909278957140838,45.59257748891388,38.718543959727775,25.932078490642812,14.199729964092672,0
16.52439487500089,46.927796025384225,24.89914744699526,30.26524340981803,2.5336231827995084,0
21.31629588823974,49.65636890413345,50.91517544584116,29.958835119961854,23.660060924139003,0
20.46507302702715,46.25144034195624,24.628265445178165,41.11179917200291,24.736868633762008,0
18.375145276637728,49.04205382414559,18.912558724434493,39.56385048008269,11.931820045863732,0
16.833232299569982,45.42591466471219,29.564273883164013,37.22495376059841,21.927148299974796,0
14.03937539440492,45.593746938573474,29.259626790767186,33.23897862569514,-6.510587289352236,0
21.536034294118892,45.06068235829337,13.156475702084528,26.456247905930862,-11.48719371015215,0
15.278436459163693,45.99975275208485,37.91886889004649,31.227745558003978,4.8488687451895665,0
15.840677712043895,49.318754599001025,40.30435489853689,36.98561196886109,4.493422484358872,0
17.1808486359946,47.17283651441864,45.82958320471822,40.25803939108212,14.880025921216909,0
13.946909369188006,48.620580218312206,31.910230271158536,46.16134289139999,8.46253449080921,0
17.496097789292545,48.636242837164225,38.519295949240664,25.872598140571412,7.162010514522094,0
19.798082461027313,49.751413004324185,28.790426493599984,33.59634904034577,1.0903384988971165,0
20.28018372737293,47.246111488252616,39.01707180005381,51.73703005899304,23.92737375105674,0
17.83292535746093,47.027263013532334,51.09968019306082,27.48847175675522,14.671340770600773,0
21.84696949866129,47.19829712021383,24.911915048546028,40.66524808779761,12.648791575541232,0
17.7244070707931,47.96116091053386,47.09030555622055,32.09271278607103,8.592707016179945,0
15.905255807477051,48.08515327410655,56.07080447958043,27.148128222411415,18.23027598768053,0
15.764850804562599,45.428257862424566,39.465152724519655,31.957239582060176,18.04447626604901,0
19.236587855234134,46.58687080024002,36.6985664851241,33.172801037698534,-0.1303702356925438,0
17.935447648738325,46.346679305383724,43.943176506278995,19.713811843214966,8.467105058788357,0
18.07427823766501,49.91328176360378,31.34925658164378,30.679122513232198,2.0406207303320674,0
16.275681889088542,46.60407764138399,45.113126516347094,32.70528009799028,7.811644549251502,0
17.165995121363554,47.32385614249379,25.045360213823432,38.322687197970424,11.393644264158317,0
18.762664166386898,47.49757751135359,25.90870771348891,30.348113540446654,28.595546920210218,0
25.252331119523294,48.37518055286031,31.171312749713028,11.529937796816725,11.674516435446657,0
18.5206750007637,46.21879021420304,26.898761085326058,17.4793945203802,7.029511619795567,0
23.5555384928211,47.81169423306462,28.848285492376416,32.765785422055615,6.497626414245609,0
16.612204511738632,46.44965861558601,37.86239293185254,26.597050926743215,6.657301218644253,0
17.961116999109162,48.81448412107643,50.629711908647984,25.75139429683298,7.9152683522698215,0
19.179657685855666,46.671503695776096,38.60226458520761,24.8727138780162,8.361284593966232,0
20.32827218971923,48.935121224854925,23.079934623278177,15.209323114119648,10.771805141246542,0
20.366760756560225,47.730281787465564,60.86575737962651,29.706599999901556,-7.068231641357142,0
14.713371726857881,48.083806976841224,25.859873878624818,26.20681656967985,7.511435344758159,0
16.702391893293253,47.5894765474429,41.17364661351368,36.64848165197767,10.151997889169557,0
21.667454615440633,45.929867495862055,29.502248506675542,31.339144960570813,1.2535042676844395,0
20.27352231592105,51.177390671129494,48.57626206764986,37.42349210074265,4.599108648291962,0
19.229371997131146,48.398514671981864,32.15860300442954,25.6309693984576,-0.9249786818019512,0
17.17889273912475,44.04907682867787,25.10542161620156,28.639189226853823,2.7557681371154104,0
16.847561247751035,47.66533685789178,36.53668969843244,34.618759705812224,12.63962528155285,0
21.232828914239285,47.67058932209741,30.82669612088624,42.12461079188884,19.294712829343005,0
23.128519166130136,50.685555563789926,23.66640716768442,25.685143045240615,13.400217401282228,0
18.5513065453043,45.3726334812682,19.00946229147933,16.525817514377366,9.983191479603295,0
18.647126720530355,47.56419704262339,52.47762481682971,23.878840920000076,10.715228735214136,0
19.041035229393906,50.10406571376311,28.87809456337547,23.248994226107392,3.9000139982820516,0
19.933939101755392,50.51088762641391,41.24709354658565,24.390789138729367,9.610077428387727,0
29.37041418764418,58.45172704197219,84.52789265941762,83.1126862113362,44.34040341837437,1
23.615007912359268,45.324809181189366,28.1396823983156,36.426494030991265,-3.373093409638468,0
16.322031522311168,49.30505811519012,39.585639764279136,28.280317287794936,2.502499365177635,0
22.470147422063775,48.244934942518796,38.482217304129954,31.379757567113757,-0.4389462335151606,0
20.143037471984833,46.66910048723694,25.744765742204535,15.33501764248316,9.763594966788183,0
18.84477045454062,46.10566824031289,48.0656439043764,28.263496196340768,19.407564560807415,0
16.152721524177622,48.1050758722134,27.264921298564552,27.826312338194324,7.159415934554998,0
20.87569368129148,48.915507582449166,40.566334081464326,39.70072715002633,5.933722939129696,0
14.474723420302727,48.331274362762876,38.52648407212794,25.406721501189992,11.623424662736008,0
23.2717045463802,45.64877110068511,45.966361305557065,25.40212753055263,11.252972514297717,0
12.358352105188619,49.554388328961615,30.534681831040526,39.878460416967584,5.473368868565002,0
20.91718154788743,50.143274300267386,35.34833234671125,24.976794298795458,12.48659973494437,0
18.0021858817637,47.060105364655485,40.953319777695846,21.78748327617496,-7.30854107278739,0
17.73597269236503,47.463927626858954,29.19244401939547,35.959623924593465,3.3601115075232455,0
17.95378601475196,47.01491235963016,37.52089000195225,34.69449615961849,5.672079231268299,0
17.719591075198668,47.81820238358355,48.11369065503024,22.08361824036754,7.12443014589004,0
19.097910855730028,47.573502114738794,46.49053452707677,37.26019638765807,9.815526417591062,0
19.301034601068352,46.98807178629202,45.77445332066768,42.942136493267256,7.32081423521099,0
19.6293993452746,46.63408327841838,26.391489179858734,28.118057150301073,17.684330890985954,0
17.787955548867018,46.91640988752406,44.72156726326418,28.25773539469993,12.218936060363012,0
11.248508784806766,48.22584482818267,28.603717793896173,22.41599665006542,8.497037118468278,0
23.08703449562539,44.94625981813625,34.8465794667701,36.913095658660374,6.941651864615983,0
17.16091059253999,47.47716621389028,38.47994790097213,20.67804822529378,1.8012308208942107,0
23.040550162744495,48.42553771646286,29.425991549644287,38.562770197300814,3.87930864807006,0
17.478760727924275,46.85191171246125,39.057850588426,27.04519297045472,10.529006556260985,0
14.70564907180457,45.754480604906995,40.171091776307776,33.07193478682289,6.933852821036429,0
17.869071586992874,48.0768953350754,28.09914067992944,26.210207537304456,23.85782796981426,0
14.473605628672924,47.43125398788066,39.10907394741311,34.41019180220006,0.49339735820243114,0
14.821745098451302,46.44192205074427,35.64148355236761,22.43039927476194,22.723099198619657,0
20.494578183257385,47.95561225783551,40.589994061955636,32.592992407825264,6.07110965886365,0
16.992091732326497,50.71855060831978,36.90891354450194,33.157857953834906,1.712768815639354,0
19.990735301708618,49.584578624537606,35.15100563002449,26.254437312933213,-3.779974789238816,0
16.58673264638713,49.787609769908045,26.052675075894435,37.19257344045778,9.690593792244995,0
19.816121481731404,47.887119154029286,33.00243921490889,31.23121769664243,11.334739965669597,0
18.987752476856272,49.984462329192716,42.317664078104016,25.911316072446468,4.940026122773249,0
27.02914623393927,51.184152695286635,15.995066864822611,28.824083865308502,15.983777241959777,0
14.560586485240982,47.611729741087274,42.11268531462673,17.278624857826713,1.6332440805843556,0
16.733225790399285,49.67154015184787,35.32270830430989,19.41464352979396,8.38499852090696,0
16.75131202195091,50.08010372754812,41.1925662262938,26.608389841787933,12.91162111392305,0
16.946065178483966,46.08430702081996,24.784377123754666,20.863948071502833,8.376714035803122,0
18.763544213913264,46.027693428417244,45.223759651040176,35.05642114906025,-1.9862162083594797,0
