MedInc,HouseAge,AveRooms,AveBedrms,Population,AveOccup,Latitude,Longitude,Target
1.2434,52,2.929411764705882,0.9176470588235294,396,4.658823529411765,37.8,-122.27,5.00001
1.1696,52,2.436,0.944,1349,5.396,37.87,-122.25,5.00001
7.8521,52,7.794392523364486,1.0514018691588785,517,2.4158878504672896,37.86,-122.24,5.00001
9.3959,52,7.512096774193548,0.9556451612903226,1366,2.754032258064516,37.85,-122.24,5.00001
7.8772,52,8.282548476454293,1.0498614958448753,947,2.623268698060942,37.83,-122.23,5.00001
11.8603,39,7.911111111111111,0.9841269841269841,808,2.5650793650793653,37.82,-122.22,5.00001
13.499,42,8.928358208955224,1,1018,3.038805970149254,37.82,-122.22,5.00001
12.2138,52,9.210227272727273,1.0397727272727273,1001,2.84375,37.82,-122.23,5.00001
12.3804,52,9.122715404699738,1.0339425587467364,1192,3.112271540469974,37.82,-122.23,5.00001
8.7477,52,9,1.1340782122905029,556,3.106145251396648,37.82,-122.23,5.00001
9.7194,9,8.306260575296108,0.9763113367174281,1981,3.3519458544839256,37.49,-121.89,5.00001
8.3337,24,7.915,1.06,1081,2.7025,37.66,-121.93,5.00001
9.8708,24,8.377464788732395,1.0394366197183098,1997,2.812676056338028,37.83,-122.03,5.00001
10.7372,18,9.016112789526687,1.081570996978852,3011,3.0322255790533736,37.86,-122,5.00001
13.4883,4,8.434426229508198,1.0327868852459017,416,3.4098360655737703,37.87,-121.97,5.00001
9.5271,16,8.459251101321586,1.0418502202643172,2777,3.0583700440528636,37.84,-122,5.00001
12.2478,10,8.186224489795919,0.9668367346938775,1199,3.058673469387755,37.85,-121.96,5.00001
10.4549,22,8.388135593220339,1.0610169491525423,1850,3.135593220338983,37.94,-122.12,5.00001
10.3224,32,7.83879781420765,1.0191256830601092,2099,2.8674863387978142,37.9,-122.14,5.00001
11.7064,17,9.361702127659575,1.127659574468085,1722,12.212765957446809,37.84,-122.08,5.00001
11.3421,4,8.115079365079366,0.9404761904761905,830,3.2936507936507935,37.82,-122.08,5.00001
10.9405,31,8.540925266903914,1.0391459074733096,2428,2.8801897983392646,37.91,-122.18,5.00001
10.3416,36,7.525,1.025,740,2.642857142857143,37.9,-122.2,5.00001
9.0064,36,8.321678321678322,1.0664335664335665,1511,2.6416083916083917,37.9,-122.18,5.00001
10.5815,11,8.465671641791046,1.1134328358208956,959,2.8626865671641792,37.83,-121.94,5.00001
13.2949,4,9.104216388225934,1.0779634049323787,3898,3.1010342084327767,37.82,-121.89,5.00001
13.1499,7,8.802531645569621,1.0531645569620254,1216,3.078481012658228,37.81,-121.91,5.00001
1.875,33,141.9090909090909,25.636363636363637,30,2.727272727272727,38.91,-120.1,5.00001
2.325,35,6.908355795148248,1.4285714285714286,861,2.3207547169811322,36.94,-118.31,0.806
1.8419,18,6.946268656716418,1.9164179104477612,799,2.3850746268656717,35.74,-118.31,0.923
3.0583,41,4.117460317460317,1.0380952380952382,733,2.326984126984127,34.26,-118.31,1.603
3.8,36,4.601466992665037,1.1075794621026895,1005,2.45721271393643,34.26,-118.31,2.171
10.8805,10,7.680360721442886,1.001002004008016,3517,3.524048096192385,34.28,-118.54,5.00001
10.9052,23,8.464163822525597,1.0102389078498293,1929,3.2918088737201363,34.26,-118.54,5.00001
9.6047,20,8.46788990825688,0.9690366972477065,2795,3.205275229357798,34.27,-118.57,5.00001
8.565,31,8.107438016528926,1.0041322314049588,697,2.8801652892561984,34.25,-118.56,5.00001
8.1714,23,7.883597883597884,0.9576719576719577,1208,3.195767195767196,34.24,-118.56,5.00001
8.8612,24,7.901639344262295,1.0163934426229508,1514,2.757741347905282,34.25,-118.51,5.00001
4.1544,35,5.58457711442786,0.9776119402985075,783,1.9477611940298507,34.15,-118.35,5.00001
11.2093,42,6.876106194690266,0.9026548672566371,284,2.5132743362831858,34.17,-118.43,5.00001
9.6465,5,7.902474526928676,0.9679767103347889,2315,3.3697234352256187,34.21,-118.65,5.00001
3.1875,31,5.46218487394958,1.072829131652661,870,2.436974789915966,34.17,-118.57,5.00001
5.6327,18,6.759916492693111,1.129436325678497,2413,2.5187891440501042,34.17,-118.58,5.00001
10.9201,22,8.604754829123328,1.049034175334324,2059,3.0594353640416045,34.15,-118.57,5.00001
7.8392,36,7.762773722627737,1.083941605839416,761,2.7773722627737225,34.17,-118.55,5.00001
7.1322,35,7.718346253229974,1.0103359173126616,1244,3.214470284237726,34.17,-118.56,5.00001
5.4609,23,6.165837479270315,1.1028192371475953,4076,2.2531785516860143,34.16,-118.51,5.00001
8.7172,32,7.693430656934306,1.1277372262773722,769,2.8065693430656933,34.16,-118.48,5.00001
6.4958,37,6.872164948453608,1.0061855670103093,1171,2.4144329896907215,34.16,-118.49,5.00001
13.4196,33,8.25531914893617,1.0292553191489362,1111,2.9547872340425534,34.15,-118.5,5.00001
10.3587,33,7.793388429752066,0.9917355371900827,1010,2.7823691460055096,34.15,-118.49,5.00001
10.6796,28,8.406175771971496,1.0475059382422802,1190,2.826603325415677,34.14,-118.49,5.00001
11.2979,24,8.321969696969697,1.0132575757575757,1443,2.7329545454545454,34.13,-118.49,5.00001
12.8879,28,7.703196347031963,1.0319634703196348,2431,2.7751141552511416,34.14,-118.51,5.00001
9.2189,28,8.046511627906977,1.0534883720930233,2515,2.9244186046511627,34.14,-118.53,5.00001
10.2292,26,8.043754972155927,1.030230708035004,3599,2.8631662688941923,34.15,-118.54,5.00001
10.4399,23,8.31067125645439,1.0232358003442341,3585,3.085197934595525,34.14,-118.56,5.00001
10.0549,44,7.083665338645418,1,641,2.553784860557769,34.15,-118.44,5.00001
8.2269,43,7.3090909090909095,1.0636363636363637,267,2.4272727272727272,34.15,-118.47,5.00001
6.7082,30,6.68,1.020952380952381,1427,2.718095238095238,34.16,-118.48,5.00001
10.3599,31,8.403967538322814,1.030658250676285,2980,2.6871055004508566,34.14,-118.48,5.00001
8.8115,34,6.99070385126162,1.0239043824701195,1738,2.308100929614874,34.14,-118.46,5.00001
8.153,36,7.580474934036939,1.108179419525066,850,2.242744063324538,34.14,-118.47,5.00001
7.629,34,6.00658978583196,1.0049423393739703,1390,2.2899505766062602,34.14,-118.47,5.00001
10.9237,44,7.837962962962963,1.1064814814814814,498,2.3055555555555554,34.14,-118.43,5.00001
8.2954,37,6.606606606606607,1.0435435435435436,1521,2.2837837837837838,34.13,-118.43,5.00001
9.042,52,7.962085308056872,1.127962085308057,493,2.3364928909952605,34.15,-118.35,5.00001
4.3,41,5.445468509984639,1.0721966205837175,1221,1.8755760368663594,34.15,-118.36,5.00001
8.5677,28,6.970731707317073,1.0195121951219512,1498,2.435772357723577,34.13,-118.37,5.00001
6.5533,34,6.43115438108484,1.0862308762169681,1572,2.1863699582753826,34.14,-118.39,5.00001
10.5575,32,7.344,1.0275555555555556,2712,2.4106666666666667,34.13,-118.4,5.00001
4.0439,27,4.9875,1.115,1417,1.77125,34.14,-118.42,5.00001
12.7823,38,7.422480620155039,1.003875968992248,1292,2.503875968992248,34.13,-118.42,5.00001
12.8763,50,7.074183976261128,0.9258160237388724,836,2.4807121661721068,34.12,-118.28,5.00001
5.296,30,4.7827586206896555,0.9827586206896551,1076,1.8551724137931034,34.11,-118.29,5.00001
12.9591,49,7.5,0.9973684210526316,1113,2.9289473684210527,34.11,-118.29,5.00001
8.4389,25,7.718446601941747,1.058252427184466,568,2.7572815533980584,34.11,-118.3,5.00001
6.9391,52,8.244725738396625,1.0337552742616034,645,2.721518987341772,34.11,-118.3,5.00001
5.8659,52,6.399317406143345,1.0341296928327646,735,2.508532423208191,34.11,-118.31,4.333
8.0073,39,7.266791044776119,1.046641791044776,1271,2.371268656716418,34.12,-118.31,5.00001
4.0833,34,7.03030303030303,1.0340909090909092,540,2.0454545454545454,34.13,-118.32,5.00001
6.0352,23,4.831632653061225,1.0612244897959184,769,1.961734693877551,34.12,-118.33,5.00001
6.6739,45,5.7926829268292686,1.0170731707317073,751,1.8317073170731708,34.13,-118.34,5.00001
4.0965,23,4.596984924623116,1.4301507537688443,1624,1.6321608040201006,34.14,-118.32,5.00001
3.6974,40,4.841129744042365,1.0962047661076788,2034,1.795233892321271,34.11,-118.34,5.00001
3.0179,52,4.765217391304348,1.0739130434782609,423,1.8391304347826087,34.1,-118.36,5.00001
1.8209,29,2.524110671936759,1.1478260869565218,2039,1.6118577075098814,34.1,-118.34,5.00001
1.705,33,2.5114754098360654,1.137704918032787,918,3.0098360655737704,34.1,-118.31,3.5
1.8977,28,2.7169811320754715,1.0075471698113208,891,3.362264150943396,34.09,-118.31,1
1.8576,37,2.4775641025641026,1.0064102564102564,835,2.676282051282051,34.09,-118.31,1.938
10.3661,52,8.03370786516854,1.0449438202247192,547,3.0730337078651684,34.08,-118.34,5.00001
3.5083,52,4.047835990888383,1.0341685649202734,671,1.5284738041002277,34.08,-118.33,5.00001
2.2422,30,3.286052009456265,1.0803782505910164,1460,3.451536643026005,34.08,-118.31,2.545
11.615,34,7.2148337595907925,1.020460358056266,843,2.156010230179028,34.12,-118.37,5.00001
8.5136,26,6.174050632911392,0.9651898734177216,1468,2.3227848101265822,34.12,-118.36,5.00001
4.1717,33,4.985333333333333,1.1186666666666667,2701,1.8006666666666666,34.11,-118.35,5.00001
6.5195,35,6.364516129032258,1.1209677419354838,1361,2.195161290322581,34.11,-118.36,5.00001
8.5842,42,5.765935214211076,1.0229885057471264,1863,1.9467084639498433,34.11,-118.37,5.00001
2.5588,36,3.9771812080536915,1.1248322147651006,1129,1.5154362416107383,34.1,-118.36,5.00001
15.0001,37,8.659574468085106,1.425531914893617,100,2.127659574468085,34.1,-118.37,5.00001
9.3092,39,7.234285714285714,1.1161904761904762,975,1.8571428571428572,34.1,-118.38,5.00001
8.944,30,7.170454545454546,1.0875,1776,2.018181818181818,34.1,-118.39,5.00001
4.3214,41,5.84,1.008,230,1.84,34.09,-118.39,5.00001
2.8942,31,3.914368650217707,1.0246734397677795,1059,1.537010159651669,34.09,-118.37,5.00001
4.0972,52,2.1481481481481484,1.9259259259259258,41,1.5185185185185186,34.05,-118.26,5.00001
8.8062,52,6.932475884244373,0.9839228295819936,861,2.7684887459807075,34.07,-118.32,5.00001
15.0001,52,8.444954128440367,1.1009174311926606,693,3.1788990825688073,34.06,-118.33,5.00001
15.0001,52,8.483018867924528,0.9622641509433962,813,3.0679245283018868,34.07,-118.33,5.00001
15.0001,52,9.20496894409938,1.062111801242236,531,3.298136645962733,34.07,-118.33,5.00001
7.4574,52,7.434163701067615,1.099644128113879,883,3.1423487544483986,34.06,-118.34,5.00001
11.2185,52,8.300835654596101,1.0194986072423398,967,2.6935933147632314,34.07,-118.32,5.00001
5.7393,52,4.818627450980392,1.2058823529411764,578,2.8333333333333335,34.06,-118.32,5.00001
15.0001,52,7.958333333333333,0.8333333333333334,457,3.808333333333333,34.06,-118.32,5.00001
2.3674,20,2.7405541561712847,1.0478589420654911,2919,2.4508816120906802,34.07,-118.31,5.00001
2.8202,24,3.136150234741784,1.0633802816901408,1268,2.976525821596244,34.06,-118.31,5.00001
2.0547,34,3.1375212224108657,1.132427843803056,1351,2.293718166383701,34.06,-118.31,4.1
3.1406,40,4.341145833333333,0.9505208333333334,1161,3.0234375,34.05,-118.31,4.176
4.89,52,6.060679611650485,0.9854368932038835,1030,2.5,34.07,-118.35,5.00001
4.1328,52,6.7101449275362315,1.0318840579710145,894,2.591304347826087,34.07,-118.35,5.00001
10.586,52,8.508982035928144,0.9760479041916168,495,2.964071856287425,34.08,-118.34,5.00001
15.0001,52,8.78061224489796,0.9948979591836735,688,3.510204081632653,34.08,-118.34,5.00001
6.2223,52,5.959558823529412,1.0441176470588236,588,2.161764705882353,34.07,-118.34,5.00001
4.1618,52,6.065602836879433,1.0602836879432624,1203,2.132978723404255,34.07,-118.34,5.00001
5.5871,52,5.403921568627451,1.0627450980392157,971,1.9039215686274509,34.08,-118.34,5.00001
3.5719,45,4.093943139678616,1.0877626699629173,1157,1.4301606922126082,34.07,-118.35,5.00001
3.5573,21,4.104494382022472,1.0741573033707865,1510,1.696629213483146,34.07,-118.38,5.00001
2.4722,52,2.767871485943775,1.0923694779116466,1768,1.4200803212851405,34.06,-118.35,5.00001
7.1669,52,6.140186915887851,0.794392523364486,629,2.939252336448598,34.06,-118.34,5.00001
2.9605,52,5.3924050632911396,1.1518987341772151,921,2.331645569620253,34.06,-118.36,5.00001
5.5596,52,6.380952380952381,1.1468253968253967,630,2.5,34.06,-118.37,5.00001
4.0217,52,5.176724137931035,1.0905172413793103,878,1.8922413793103448,34.06,-118.37,5.00001
3.0956,35,4.485969387755102,1.121173469387755,1632,2.0816326530612246,34.05,-118.38,5.00001
2.5833,52,3.8233532934131738,0.8532934131736527,954,2.856287425149701,34.04,-118.31,2.346
2.45,52,3.976271186440678,0.9627118644067797,814,2.759322033898305,34.02,-118.31,1.114
2.4519,45,5.155797101449275,1.0072463768115942,822,2.9782608695652173,34.02,-118.31,0.981
1.23,47,5.36734693877551,1.0081632653061225,785,3.204081632653061,34.03,-118.31,1.384
2.1173,34,4.123232323232323,1.0444444444444445,1479,2.987878787878788,34.03,-118.31,1.566
0.4999,29,2.3732718894009217,1.055299539170507,2690,12.396313364055299,34.02,-118.28,5.00001
1.7386,50,4.993174061433447,1.2081911262798635,912,3.112627986348123,34.01,-118.31,1.094
1.6667,41,5.203980099502488,1.0746268656716418,727,3.616915422885572,34.02,-118.31,1.169
1.6851,46,4.948660714285714,1.0915178571428572,1227,2.7388392857142856,34.02,-118.31,1.088
1.6892,52,5.586956521739131,1.1195652173913044,939,3.402173913043478,34,-118.31,1.291
2.0915,47,4.57957957957958,1.078078078078078,982,2.948948948948949,33.99,-118.31,1.266
2.2339,45,4.712025316455696,1.0727848101265822,791,2.5031645569620253,33.99,-118.31,1.048
2,52,5.355685131195335,1.2419825072886297,1062,3.0962099125364433,33.98,-118.31,0.965
3.5982,52,5.447457627118644,1.1220338983050848,900,3.0508474576271185,33.98,-118.31,0.966
2.3977,52,5.32345013477089,1.0215633423180592,1043,2.811320754716981,33.98,-118.31,1.122
3.2188,52,5.281456953642384,1.076158940397351,823,2.725165562913907,33.97,-118.31,1.242
2.7917,47,5.436842105263158,1.1105263157894736,1156,3.042105263157895,33.97,-118.31,1.258
3.725,52,5.65625,0.9618055555555556,819,2.84375,33.97,-118.31,1.426
3.0917,48,4.939102564102564,1.0064102564102564,819,2.625,33.97,-118.31,1.361
3.2708,43,5.330409356725146,1.0467836257309941,1065,3.1140350877192984,33.95,-118.31,1.31
4.8295,44,6.0583941605839415,1.0462287104622872,1305,3.1751824817518246,33.95,-118.31,1.496
3.0682,43,5.340101522842639,0.9974619289340102,1132,2.8730964467005076,33.94,-118.31,1.42
1.747,43,4.236,1.138,1266,2.532,33.96,-118.31,1.21
1.528,43,4.651515151515151,1.067099567099567,1316,2.8484848484848486,33.96,-118.31,1.318
3.4643,46,5.26875,0.946875,870,2.71875,33.96,-118.31,1.363
3.0625,52,6.108958837772397,1.1138014527845037,1167,2.8256658595641646,33.96,-118.31,1.274
4.4861,47,4.678466076696165,0.9498525073746312,1077,3.1769911504424777,33.96,-118.31,1.404
3.7143,47,4.831325301204819,0.944578313253012,1134,2.7325301204819277,33.96,-118.31,1.403
8.2816,29,6.715625,1.0541666666666667,2184,2.275,34.12,-118.39,5.00001
15.0001,32,8.00286944045911,1.0803443328550932,1567,2.248206599713056,34.11,-118.4,5.00001
12.3767,27,7.737037037037037,1.1222222222222222,654,2.422222222222222,34.12,-118.42,5.00001
12.7296,27,7.992603550295858,1.0650887573964498,3511,2.5968934911242605,34.11,-118.43,5.00001
7.9835,27,8.187817258883248,1.015228426395939,497,2.5228426395939088,34.09,-118.43,5.00001
9.7449,20,7.095962938451357,1.0701522170747848,3731,2.4692256783587028,34.12,-118.45,5.00001
15.0001,36,9.368263473053892,1.1736526946107784,862,2.5808383233532934,34.09,-118.44,5.00001
15.0001,46,8.365591397849462,0.967741935483871,238,2.5591397849462365,34.08,-118.43,5.00001
7.1576,52,10.344827586206897,1.2137931034482758,384,2.6482758620689655,34.08,-118.45,5.00001
11.8442,31,8.385678391959798,1.0577889447236182,2092,2.628140703517588,34.1,-118.45,5.00001
7.8426,35,6.708677685950414,1.084710743801653,1065,2.200413223140496,34.08,-118.46,5.00001
11.1978,32,7.270343580470163,1.0316455696202531,2768,2.5027124773960217,34.1,-118.47,5.00001
13.2935,27,7.607142857142857,1.012672811059908,2336,2.6912442396313363,34.11,-118.49,5.00001
10.7937,29,7.471786833855799,1.2178683385579938,1500,2.3510971786833856,34.07,-118.48,5.00001
8.5153,40,6.407265774378585,0.9254302103250478,1564,2.9904397705544934,34.07,-118.48,5.00001
12.8665,37,7.4575645756457565,1.0129151291512914,1318,2.4317343173431736,34.07,-118.48,5.00001
15.0001,42,9.229032258064516,1.1612903225806452,829,2.674193548387097,34.06,-118.49,5.00001
13.5728,36,8.321022727272727,1.0397727272727273,1054,2.9943181818181817,34.07,-118.49,5.00001
13.947,29,8.494816211121583,1.052780395852969,2919,2.751178133836004,34.11,-118.51,5.00001
15,39,9.29375,1.01875,414,2.5875,34.05,-118.5,5.00001
8.1888,37,7.235138705416116,1.1003963011889035,1925,2.542932628797886,34.09,-118.53,5.00001
4.825,45,5.832797427652733,1.045016077170418,709,2.279742765273312,34.05,-118.52,5.00001
6.5147,47,5.838235294117647,0.9264705882352942,819,2.4088235294117646,34.04,-118.52,5.00001
11.2866,14,7.271897810218978,1.0419708029197081,2926,2.6697080291970803,34.09,-118.57,5.00001
8.565,33,6.442965779467681,1.038022813688213,2540,2.414448669201521,34.05,-118.54,5.00001
8.8619,41,6.12396694214876,0.987603305785124,617,2.549586776859504,34.04,-118.55,5.00001
8.2934,34,7.006688963210703,1.1471571906354514,662,2.2140468227424748,34.03,-118.56,5.00001
7.3031,24,7.1753846153846155,1.073846153846154,761,2.3415384615384616,34.06,-118.56,5.00001
11.4233,21,7.138783269961977,0.9980988593155894,1493,2.838403041825095,34.06,-118.54,5.00001
6.0307,35,5.263921113689095,1.0777262180974478,3646,2.1148491879350346,34.03,-118.55,5.00001
10.8082,42,7.41044776119403,0.9701492537313433,368,2.746268656716418,34.04,-118.52,5.00001
13.6842,43,8.46484375,0.9921875,761,2.97265625,34.04,-118.52,5.00001
9.1078,45,6.555555555555555,1.0114942528735633,735,2.8160919540229883,34.04,-118.53,5.00001
7.0318,40,6.541353383458647,1.1473684210526316,1551,2.3323308270676693,34.03,-118.53,5.00001
15.0001,36,7.549090909090909,0.9854545454545455,1461,2.6563636363636363,34.05,-118.5,5.00001
7.9096,39,6.348780487804878,1.1121951219512196,928,2.2634146341463413,33.99,-118.55,5.00001
10.1882,38,7.401883830455259,1.084772370486656,1660,2.6059654631083204,34.04,-118.51,5.00001
7.6447,45,7.432748538011696,1.1111111111111112,419,2.4502923976608186,34.06,-118.47,5.00001
9.4664,45,7.593984962406015,1.0852130325814537,916,2.2957393483709274,34.06,-118.47,5.00001
9.5221,48,7.021317829457364,1.0232558139534884,1282,2.4844961240310077,34.05,-118.48,5.00001
15.0001,42,8.5625,0.9642857142857143,632,2.8214285714285716,34.05,-118.49,5.00001
4.801,26,3.9812348668280872,1.0829297820823245,2937,1.7778450363196125,34.06,-118.47,5.00001
4.2554,20,3.778085991678225,1.0624133148404993,2202,1.5270457697642164,34.06,-118.46,5.00001
3.5909,25,4.055806938159879,1.0844645550527903,1229,1.8536953242835597,34.05,-118.47,5.00001
4.7009,22,4.652096342551293,1.064228367528992,2048,1.8269402319357717,34.05,-118.47,5.00001
4.175,27,4.574844074844075,1.0738045738045738,1725,1.793139293139293,34.05,-118.47,5.00001
6.7496,36,5.411616161616162,1.095959595959596,751,1.8964646464646464,34.05,-118.48,5.00001
7.0285,45,6.440191387559809,1.0239234449760766,415,1.985645933014354,34.05,-118.49,5.00001
15.0001,46,9.203947368421053,0.9736842105263158,410,2.6973684210526314,34.08,-118.42,5.00001
10.3467,34,7.296127562642369,1.1002277904328017,949,2.161731207289294,34.07,-118.43,5.00001
7.7382,38,5.482293423271501,1.1062394603709949,1251,2.109612141652614,34.07,-118.43,5.00001
7.1674,26,5.307807807807808,1.1231231231231231,1322,1.984984984984985,34.07,-118.44,5.00001
8.9565,35,6.66554054054054,1.1216216216216217,1257,4.246621621621622,34.07,-118.44,5.00001
5.5,28,4.509803921568627,1.1061130334486735,1763,2.033448673587082,34.06,-118.44,5.00001
2.2857,14,2.4413145539906105,1.3708920187793427,282,1.323943661971831,34.06,-118.44,5.00001
7.0674,46,5.761061946902655,0.9513274336283186,482,2.1327433628318584,34.06,-118.46,5.00001
6.7703,43,6.169533169533169,1.1203931203931203,808,1.9852579852579852,34.07,-118.46,5.00001
14.2867,49,7.60377358490566,0.9465408805031447,850,2.6729559748427674,34.07,-118.46,5.00001
9.2225,42,6.193236714975845,1.1111111111111112,913,2.2053140096618358,34.07,-118.46,5.00001
3.2545,9,3.5186206896551724,1.1689655172413793,2609,1.7993103448275862,34.06,-118.44,5.00001
4.4674,18,4.613899613899614,1.1505791505791505,1886,1.8204633204633205,34.05,-118.44,5.00001
7.2675,11,6.876889848812095,1.3844492440604752,911,1.9676025917926565,34.06,-118.43,5.00001
5.3777,41,5.479400749063671,1,601,2.250936329588015,34.06,-118.43,5.00001
5.2555,22,4.825198637911464,1.2179341657207718,1581,1.7945516458569808,34.05,-118.43,5.00001
6.2389,13,5.988847583643123,1.3866171003717471,1649,2.043370508054523,34.06,-118.44,5.00001
6.1527,40,5.472014925373134,1.0541044776119404,1077,2.0093283582089554,34.06,-118.42,5.00001
7.4219,31,4.806569343065694,1.0364963503649636,523,1.9087591240875912,34.06,-118.43,5.00001
4.1908,38,5.213286713286713,1.1608391608391608,1122,1.9615384615384615,34.06,-118.43,5.00001
5.1999,20,4.935622317596566,1.092274678111588,1675,1.7972103004291846,34.06,-118.43,5.00001
10.8045,44,5.494845360824742,0.9278350515463918,291,3,34.06,-118.42,5.00001
6.871,52,5.859813084112149,1.0404984423676011,640,1.9937694704049844,34.06,-118.42,5.00001
4.8304,38,5.216648879402348,1.2017075773745998,1698,1.8121664887940234,34.05,-118.42,5.00001
6.7115,52,5.550819672131148,0.9508196721311475,727,2.3836065573770493,34.05,-118.43,5.00001
4.8618,22,5.018963337547408,1.1011378002528445,1588,2.0075853350189634,34.05,-118.44,5.00001
5.8758,16,5.122696155871512,1.1642969984202212,3026,1.5934702474986835,34.05,-118.41,5.00001
5.0151,33,4.8042763157894735,1.0723684210526316,1124,1.8486842105263157,34.05,-118.42,5.00001
7.8164,52,6.562176165803109,1.0414507772020725,981,2.5414507772020727,34.05,-118.42,5.00001
5.0762,26,5.556521739130435,1.146583850931677,1518,1.8857142857142857,34.05,-118.4,5.00001
9.272,40,7.372340425531915,0.950354609929078,720,2.5531914893617023,34.04,-118.4,5.00001
12.8483,42,6.831578947368421,0.9157894736842105,420,2.210526315789474,34.04,-118.4,5.00001
8.1484,36,6.806691449814126,1.100371747211896,871,3.2379182156133828,34.03,-118.4,5.00001
3.7277,33,4.765840220385675,1.0633608815426998,994,2.7382920110192837,34.03,-118.41,5.00001
8.0239,49,5.669811320754717,0.8962264150943396,228,2.150943396226415,34.04,-118.41,5.00001
5.222,42,5.8474576271186445,1.0527306967984935,1253,2.35969868173258,34.05,-118.39,5.00001
3.6953,34,4.891203703703703,1.0625,859,1.9884259259259258,34.05,-118.4,5.00001
10.9805,52,7.658634538152611,1.0481927710843373,681,2.7349397590361444,34.04,-118.41,5.00001
11.1768,52,6.461773700305811,1.0152905198776758,800,2.4464831804281344,34.04,-118.41,5.00001
5.1637,36,5.291161178509532,1.10051993067591,1234,2.1386481802426345,34.03,-118.41,5.00001
6.626,51,5.5322128851540615,0.9747899159663865,771,2.1596638655462184,34.04,-118.42,5.00001
5.6454,52,5.086142322097379,1.0187265917602997,574,2.149812734082397,34.04,-118.42,5.00001
7.3028,45,6.849180327868853,1.022950819672131,834,2.734426229508197,34.04,-118.39,5.00001
8.5938,43,7.559686888454012,1.050880626223092,1398,2.735812133072407,34.04,-118.4,5.00001
10.4519,43,6.899328859060403,0.9731543624161074,394,2.6442953020134228,34.05,-118.4,5.00001
6.6368,42,7.1911764705882355,0.9950980392156863,577,2.8284313725490198,34.05,-118.39,5.00001
4.0429,32,4.863340563991323,1.0629067245119306,921,1.997830802603037,34.02,-118.44,5.00001
3.9091,38,5.9021739130434785,1.1875,830,2.255434782608696,34.02,-118.43,5.00001
8.1631,42,6.31404958677686,1.0082644628099173,634,2.6198347107438016,34.02,-118.43,5.00001
4.3906,41,4.675097276264592,1.0038910505836576,1001,1.9474708171206225,34.02,-118.43,5.00001
4.7009,31,5.011904761904762,1.0476190476190477,1046,2.0753968253968256,34.01,-118.43,5.00001
2.975,24,3.456730769230769,1.0913461538461537,665,1.5985576923076923,33.99,-118.47,5.00001
4.0156,35,4.581132075471698,1.1320754716981132,478,1.8037735849056604,33.99,-118.46,5.00001
3.8935,27,4.8406113537117905,1.1353711790393013,806,1.759825327510917,33.98,-118.46,5.00001
5.128,29,3.932471264367816,1.160919540229885,1157,1.6623563218390804,33.97,-118.5,5.00001
3.8068,19,3.8009049773755654,1.0950226244343892,964,1.453996983408748,33.98,-118.46,5.00001
3.8698,19,4.386243386243386,1.1296296296296295,648,1.7142857142857142,33.97,-118.46,5.00001
6.1726,18,4.707938092860709,1.234648027958063,3408,1.7014478282576135,33.97,-118.46,5.00001
10,19,5.505592841163311,1.1655480984340045,777,1.738255033557047,33.97,-118.46,5.00001
12.0088,16,6.006711409395973,1.2147651006711409,237,1.5906040268456376,33.96,-118.48,5.00001
5.8864,13,5.23943661971831,0.971830985915493,800,2.2535211267605635,33.96,-118.43,5.00001
5.6435,33,6.261744966442953,1.0984340044742729,978,2.1879194630872485,33.96,-118.44,5.00001
8.7819,20,7.484251968503937,1.062992125984252,704,2.7716535433070866,33.96,-118.43,5.00001
7.7197,16,17.5,1.75,17,4.25,33.97,-118.43,5.00001
5.723,24,4.846635367762128,1.237871674491393,1075,1.6823161189358373,33.96,-118.45,5.00001
6.3267,36,5.246628131021194,1.0539499036608864,1090,2.1001926782273603,33.96,-118.45,5.00001
6.2551,37,6.348623853211009,1.0152905198776758,771,2.3577981651376145,33.95,-118.44,5.00001
5.0874,36,5.637254901960785,0.9640522875816994,799,2.611111111111111,33.73,-118.31,3.685
4.1812,52,5.701388888888889,0.9965277777777778,692,2.4027777777777777,33.73,-118.31,3.215
5.4533,33,5.837628865979381,0.9432989690721649,986,2.5412371134020617,33.73,-118.31,4.098
7.6886,25,6.911949685534591,1.0566037735849056,407,2.559748427672956,33.73,-118.32,5.00001
5.3074,42,5.359504132231405,1.0165289256198347,611,2.524793388429752,33.67,-118.31,4.019
8.1657,32,7.2166584035696575,1.029747149231532,5459,2.7064947942488846,34.18,-118.26,5.00001
12.1579,14,8.40251572327044,1.0534591194968554,1113,3.5,34.18,-118.21,5.00001
7.8383,52,7.726351351351352,0.9966216216216216,829,2.800675675675676,34.17,-118.27,5.00001
11.1077,32,8.010526315789473,1.063157894736842,295,3.1052631578947367,34.07,-117.85,5.00001
6.4576,33,5.661327231121281,1.080091533180778,1268,2.9016018306636155,34.15,-117.97,5.00001
9.4667,32,7.325757575757576,1.0378787878787878,1558,2.9507575757575757,34.17,-118.02,5.00001
6.6888,36,6.482213438735178,0.9446640316205533,693,2.739130434782609,34.16,-118.03,5.00001
9.8098,39,8.079881656804734,1.0828402366863905,1034,3.059171597633136,34.16,-118.03,5.00001
8.2004,32,8.2491961414791,1.0691318327974277,1877,3.017684887459807,34.15,-118.05,5.00001
15.0001,37,8.761061946902656,1,697,3.084070796460177,34.15,-118.06,5.00001
8.9728,39,7.013201320132013,0.9735973597359736,862,2.844884488448845,34.14,-118.05,5.00001
8.4889,40,6.8785529715762275,0.979328165374677,1151,2.9741602067183464,34.14,-118.06,5.00001
15.0001,35,8.586206896551724,1.0689655172413792,268,9.241379310344827,34.13,-118.04,5.00001
7.1885,37,7.327586206896552,1.0172413793103448,598,3.4367816091954024,34.11,-118.04,5.00001
6.5989,44,6.537459283387622,0.9381107491856677,921,3,34.12,-118.04,5.00001
5.6916,30,7.022653721682848,1.029126213592233,984,3.1844660194174756,34.12,-118.04,5.00001
10.2289,34,7.447368421052632,0.9784688995215312,1139,2.72488038277512,34.18,-118.09,5.00001
9.8413,32,7.17004048582996,1.0148448043184886,4353,2.937246963562753,34.22,-118.19,5.00001
8.3695,37,7.458745874587459,1.0627062706270627,941,3.1056105610561056,34.22,-118.21,5.00001
6.553,41,7.12,1.0133333333333334,680,3.022222222222222,34.21,-118.19,5.00001
7.8375,40,6.59375,1.0178571428571428,609,2.71875,34.21,-118.2,5.00001
8.4802,34,6.895397489539749,1.0104602510460252,1268,2.6527196652719667,34.23,-118.22,5.00001
9.2463,39,8.12972972972973,1.0432432432432432,1240,3.3513513513513513,34.22,-118.21,5.00001
7.0059,39,6.681592039800995,1.037313432835821,1094,2.7213930348258706,34.22,-118.22,5.00001
6.3794,35,6.8277153558052435,1.0337078651685394,1409,2.6385767790262173,34.2,-118.21,5.00001
6.987,44,6.736596736596737,1.020979020979021,1219,2.8414918414918415,34.2,-118.2,5.00001
15.0001,48,8.845161290322581,1.0580645161290323,528,3.4064516129032256,34.19,-118.18,5.00001
15.0001,34,8.114173228346457,1.0236220472440944,825,3.248031496062992,34.19,-118.19,5.00001
15.0001,38,8.954732510288066,1.0946502057613168,798,3.2839506172839505,34.19,-118.2,5.00001
9.0702,43,7.335051546391752,1.0154639175257731,1467,2.520618556701031,34.17,-118.18,5.00001
9.4987,34,7.00979020979021,1.0433566433566435,1699,2.3762237762237763,34.16,-118.18,5.00001
6.6031,19,6.190647482014389,1.0431654676258992,571,2.053956834532374,34.15,-118.16,5.00001
1.1667,52,2.4774774774774775,1.1081081081081081,273,2.4594594594594597,34.15,-118.15,5.00001
1.9923,41,3.279373368146214,1.0626631853785902,855,2.2323759791122715,34.15,-118.14,5.00001
0.4999,28,7.67741935483871,1.8709677419354838,142,4.580645161290323,34.15,-118.08,5.00001
8.4546,46,8.537931034482758,1.013793103448276,377,2.6,34.13,-118.08,5.00001
7.4185,35,6.518900343642612,0.9587628865979382,733,2.5189003436426116,34.13,-118.08,5.00001
8.2435,27,6.656652360515022,1.090128755364807,816,3.5021459227467813,34.14,-118.16,5.00001
7.4817,41,6.813901345291479,1.0807174887892377,973,2.181614349775785,34.14,-118.16,5.00001
11.7894,45,7.4,0.9344262295081968,759,2.4885245901639346,34.14,-118.17,5.00001
4.7298,30,5.941935483870968,1.118279569892473,1143,2.458064516129032,34.13,-118.15,5.00001
7.723,36,6.3438985736925515,1.0253565768621236,1337,2.1188589540412046,34.13,-118.16,5.00001
7.9976,52,7.742465753424658,1.0438356164383562,924,2.5315068493150683,34.13,-118.13,5.00001
10.7397,46,7.460992907801418,1.016548463356974,1109,2.6217494089834514,34.12,-118.13,5.00001
11.706,52,8.97553516819572,1.0428134556574924,975,2.981651376146789,34.13,-118.12,5.00001
10.6767,48,8.171617161716172,1.033003300330033,900,2.9702970297029703,34.12,-118.11,5.00001
11.5609,52,8.512968299711815,1.069164265129683,1152,3.319884726224784,34.12,-118.11,5.00001
15.0001,52,10.419354838709678,1.136200716845878,956,3.4265232974910393,34.12,-118.12,5.00001
10.2317,52,7.656593406593407,0.9697802197802198,1057,2.9038461538461537,34.11,-118.12,5.00001
9.1373,52,7.443478260869565,1,1102,3.1942028985507247,34.11,-118.13,5.00001
8.1124,52,6.6231884057971016,1.0193236714975846,1153,2.785024154589372,34.11,-118.14,5.00001
12.4237,44,7.4591439688715955,1.0311284046692606,754,2.933852140077821,34.13,-118.1,5.00001
9.7912,44,7.036290322580645,0.9556451612903226,693,2.7943548387096775,34.13,-118.1,5.00001
7.8347,45,7.251833740831296,1.0146699266503667,1231,3.0097799511002443,34.12,-118.09,5.00001
6.3013,49,7.0185528756957325,1.0742115027829313,1601,2.9703153988868274,34.12,-118.1,5.00001
11.6471,50,8.696682464454977,1.09478672985782,636,3.014218009478673,34.12,-118.1,5.00001
15.0001,47,8.592307692307692,1.0615384615384615,749,2.8807692307692307,34.13,-118.1,5.00001
7.4597,31,8.275862068965518,1.0758620689655172,1382,3.1770114942528735,33.95,-117.93,5.00001
8.3474,33,8.124087591240876,1.0583941605839415,424,3.0948905109489053,33.97,-117.95,5.00001
10.8034,18,8.46058091286307,1.004149377593361,1490,3.091286307053942,33.97,-117.99,5.00001
7.9767,16,7.065602836879433,1.0053191489361701,1327,2.352836879432624,33.78,-118.11,5.00001
4.6133,29,5.5625,0.9924242424242424,1132,2.143939393939394,33.79,-118.13,5.00001
3.7232,31,4.360114777618365,1.06025824964132,1199,1.7202295552367288,33.78,-118.13,5.00001
3.7838,36,4.708920187793427,1.0633802816901408,807,1.8943661971830985,33.74,-118.17,5.00001
3.5985,36,3.8931909212283045,1.048064085447263,1183,1.5794392523364487,33.76,-118.15,5.00001
7.3672,47,5.978456014362657,1.021543985637343,1220,2.190305206463196,33.75,-118.12,5.00001
7.0796,45,5.759013282732448,0.9791271347248577,1127,2.138519924098672,33.76,-118.12,5.00001
3.9934,41,5.004830917874396,1.1859903381642511,742,1.7922705314009661,33.75,-118.12,5.00001
5.1815,36,5.569506726457399,1.1771300448430493,792,1.7757847533632287,33.71,-118.14,5.00001
10.2233,10,6.872280037842952,1.075685903500473,2528,2.391674550614948,33.77,-118.12,5.00001
4.2917,37,5.14859437751004,0.9799196787148594,852,3.4216867469879517,33.93,-118.31,1.279
2.2448,40,5.005221932114883,1.1436031331592689,1021,2.6657963446475197,33.94,-118.31,1.75
3.775,40,5.7407407407407405,1.0296296296296297,798,2.9555555555555557,33.94,-118.31,1.538
3.8173,31,4.896193771626297,1.1730103806228374,874,3.0242214532871974,33.91,-118.31,1.779
4.8456,35,5.968036529680365,1.1232876712328768,672,3.0684931506849313,33.92,-118.31,1.464
5.0653,35,5.602836879432624,0.9432624113475178,926,3.2836879432624113,33.93,-118.31,1.58
2.6312,28,4.169312169312169,1.0582010582010581,891,2.357142857142857,33.9,-118.31,1.713
3.5417,38,3.45679012345679,0.9851851851851852,1131,2.7925925925925927,33.9,-118.31,1.984
2.3812,21,3.725,1.075,686,1.715,33.88,-118.31,2.375
3.7639,37,4.57429718875502,1.0200803212851406,1257,2.5240963855421685,33.89,-118.31,2.206
5.5347,29,4.23956043956044,1.1494505494505494,686,1.5076923076923077,33.9,-118.42,5.00001
5.4088,27,4.711656441717792,1.156441717791411,553,1.696319018404908,33.9,-118.43,5.00001
7.8924,37,6.554666666666667,1.0666666666666667,920,2.453333333333333,33.9,-118.4,5.00001
7.5552,39,5.811965811965812,0.9572649572649573,926,2.6381766381766383,33.9,-118.41,5.00001
6.6494,35,5.06265664160401,1.1303258145363408,724,1.8145363408521302,33.88,-118.44,5.00001
5.308,37,4.635294117647059,1.0147058823529411,662,1.9470588235294117,33.9,-118.42,5.00001
5.9596,43,4.70945945945946,1.0844594594594594,552,1.864864864864865,33.9,-118.42,5.00001
7.2316,31,4.314199395770393,0.9667673716012085,677,2.0453172205438066,33.89,-118.41,5.00001
9.0812,35,4.047457627118644,0.9898305084745763,507,1.7186440677966102,33.89,-118.41,5.00001
6.3861,38,5.41038961038961,1.0753246753246752,1600,2.0779220779220777,33.89,-118.41,5.00001
6.348,34,4.989881956155143,1.0775716694772344,1143,1.9274873524451939,33.89,-118.41,5.00001
5.0497,31,4.875,1.1180555555555556,236,1.6388888888888888,33.89,-118.41,5.00001
7.9611,31,6.147058823529412,1.0336134453781514,1149,2.4138655462184873,33.89,-118.4,5.00001
8.1596,36,6.950980392156863,1.026143790849673,807,2.6372549019607843,33.89,-118.4,5.00001
8.2037,7,6.008356545961003,1.00974930362117,1699,2.3662952646239552,33.9,-118.39,5.00001
8.1513,31,5.590733590733591,0.9420849420849421,607,2.3436293436293436,33.88,-118.39,5.00001
7.2651,36,6.117408906882591,0.9757085020242915,1278,2.5870445344129553,33.88,-118.4,5.00001
9.3399,36,8.251336898395722,1.1443850267379678,474,2.53475935828877,33.88,-118.4,5.00001
7.5,35,6.374545454545455,1.0763636363636364,615,2.2363636363636363,33.88,-118.4,5.00001
6.3403,34,5.1923076923076925,1.0288461538461537,213,2.048076923076923,33.88,-118.41,5.00001
8.0015,35,5.408163265306122,0.9744897959183674,444,2.2653061224489797,33.88,-118.4,5.00001
7.9614,43,5.702517162471396,1.0274599542334095,1033,2.3638443935926774,33.88,-118.41,5.00001
5.2533,40,4.07488986784141,1.118942731277533,371,1.6343612334801763,33.88,-118.41,5.00001
7.0842,34,5.571969696969697,1.1666666666666667,498,1.8863636363636365,33.88,-118.41,5.00001
6.822,41,4.982352941176471,1.0176470588235293,344,2.023529411764706,33.87,-118.43,5.00001
7.1264,34,4.261904761904762,1.0357142857142858,162,1.9285714285714286,33.86,-118.43,5.00001
5.2319,38,6.11734693877551,1.0994897959183674,911,2.3239795918367347,33.87,-118.4,5.00001
6.3231,45,4.434322033898305,1.0529661016949152,842,1.7838983050847457,33.87,-118.4,5.00001
5.3816,45,4.630573248407643,1.0721868365180467,965,2.0488322717622083,33.87,-118.4,5.00001
4.7105,41,4.277246653919694,1.1414913957934991,938,1.7934990439770555,33.86,-118.4,5.00001
5.637,32,3.998073217726397,1.0385356454720616,954,1.8381502890173411,33.83,-118.39,5.00001
4.5817,30,4.146135265700483,1.108695652173913,1526,1.8429951690821256,33.82,-118.39,5.00001
4.6048,34,3.6794425087108014,1.0696864111498259,946,1.6480836236933798,33.82,-118.43,5.00001
2.4219,33,4.311244979919679,1.0140562248995983,1371,2.753012048192771,33.88,-118.31,2.607
4.3056,30,5.036931818181818,1.0113636363636365,905,2.571022727272727,33.81,-118.31,3.36
5.0106,33,4.290010741138561,1.0633727175080558,1647,1.7690655209452202,33.81,-118.44,5.00001
5.9907,34,4.978142076502732,0.994535519125683,750,2.0491803278688523,33.82,-118.38,5.00001
6.9296,36,6.138755980861244,1,563,2.6937799043062203,33.81,-118.37,5.00001
5.7361,39,6.451612903225806,1.0026881720430108,877,2.35752688172043,33.81,-118.38,5.00001
10.5045,36,6.023668639053255,0.8757396449704142,329,1.9467455621301775,33.81,-118.38,5.00001
5.9541,19,5.784386617100372,1.0269516728624535,3152,2.929368029739777,33.8,-118.35,5.00001
3.7167,29,5.017953321364453,1.0269299820466786,1469,2.637342908438061,33.8,-118.31,3.089
3.2472,35,4.320754716981132,1.0622641509433963,1374,2.5924528301886793,33.79,-118.31,2.547
3.3958,38,5.266447368421052,1.1578947368421053,711,2.338815789473684,33.79,-118.31,2.5
8.1782,25,6.954545454545454,1.0265151515151516,4168,2.6313131313131315,33.78,-118.34,5.00001
8.3609,34,7.733532934131737,1.0538922155688624,2071,3.1002994011976046,33.79,-118.36,5.00001
8.2064,36,7.15695067264574,1.0493273542600896,654,2.9327354260089686,33.79,-118.37,5.00001
6.9742,38,6.4961832061068705,1.0178117048346056,1042,2.6513994910941476,33.8,-118.36,5.00001
10.1241,34,7.010666666666666,0.984,966,2.576,33.8,-118.36,5.00001
8.0838,36,7.084935897435898,1.125,1433,2.296474358974359,33.8,-118.38,5.00001
11.9993,31,8.324090121317157,0.9965337954939342,1490,2.582322357019064,33.8,-118.45,5.00001
10.898,30,7.9891107078039925,1.0217785843920144,1582,2.871143375680581,33.79,-118.39,5.00001
12.9758,24,8.735401459854014,1.0255474452554745,1653,3.0164233576642334,33.78,-118.4,5.00001
11.6648,27,8.920833333333333,1.0833333333333333,635,2.6458333333333335,33.79,-118.44,5.00001
10.06,22,7.985200845665962,1.047568710359408,2808,2.968287526427061,33.77,-118.41,5.00001
10.5536,28,7.838874680306906,1.0383631713554988,1101,2.815856777493606,33.77,-118.46,5.00001
8.0957,36,6.976666666666667,1.01,802,2.6733333333333333,33.78,-118.42,5.00001
10.1447,26,7.203409090909091,0.9954545454545455,2540,2.8863636363636362,33.77,-118.37,5.00001
9.821,21,7.548537234042553,1.021941489361702,4649,3.091090425531915,33.77,-118.38,5.00001
7.7042,32,6.62753807106599,1.0279187817258884,4474,2.8388324873096447,33.79,-118.38,5.00001
8.5421,26,6.3354430379746836,0.9822784810126582,2357,2.9835443037974683,33.78,-118.4,5.00001
8.2831,22,7.058988764044944,1.0449438202247192,6897,2.7676565008025684,33.75,-118.42,5.00001
15.0001,34,8.783018867924529,1.059748427672956,1871,2.941823899371069,33.76,-118.34,5.00001
10.0973,25,7.307420494699647,1,3392,2.9964664310954063,33.74,-118.35,5.00001
7.6986,23,7.141501294219155,1.1130284728213977,3176,2.740293356341674,33.75,-118.38,5.00001
7.5594,18,5.232456140350878,1.0219298245614035,475,2.0833333333333335,33.71,-118.39,5.00001
9.8091,4,6.760869565217392,1.108695652173913,128,2.782608695652174,33.75,-118.41,5.00001
6.287,34,6.2680965147453085,1.0536193029490617,1031,2.7640750670241285,33.75,-118.31,3.964
9.8214,33,7.619389587073608,1.0682226211849193,1534,2.754039497307002,33.77,-118.33,5.00001
9.267,33,7.741602067183463,1.028423772609819,1048,2.708010335917313,33.75,-118.32,5.00001
11.6677,37,7.605633802816901,0.9507042253521126,366,2.5774647887323945,33.75,-118.32,5.00001
10.1357,24,7.564516129032258,0.9851116625310173,2248,2.7890818858560795,33.74,-118.32,5.00001
6.887,37,5.915094339622642,0.8962264150943396,259,2.443396226415094,33.77,-118.32,5.00001
4.0651,33,3.7812128418549347,1.028537455410226,1347,1.6016646848989298,34.09,-118.37,5.00001
15.0001,27,7.651923076923077,0.9807692307692307,1351,2.598076923076923,34.1,-118.4,5.00001
15.0001,45,10.37065637065637,1.0926640926640927,857,3.3088803088803087,34.09,-118.4,5.00001
15.0001,52,8.907582938388625,1.099526066350711,1407,3.3341232227488153,34.08,-118.39,5.00001
15.0001,52,9.23728813559322,1.062953995157385,1266,3.0653753026634383,34.08,-118.4,5.00001
15.0001,37,9.333333333333334,1.0378006872852235,809,2.7800687285223367,34.09,-118.41,5.00001
15.0001,40,9.6,1.0594594594594595,1024,2.7675675675675677,34.09,-118.42,5.00001
15.0001,48,9.72983870967742,1.0524193548387097,770,3.1048387096774195,34.08,-118.42,5.00001
15.0001,52,9.867036011080332,1.0914127423822715,1163,3.221606648199446,34.07,-118.41,5.00001
15.0001,52,8.710144927536232,1.0289855072463767,408,2.9565217391304346,34.07,-118.41,5.00001
4.4896,48,4.989304812834225,1.0623885918003566,1235,2.201426024955437,34.07,-118.38,5.00001
4.2386,33,4.573770491803279,1.105263157894737,2243,1.9352890422778257,34.07,-118.39,5.00001
5.7762,45,5.572695035460993,0.9804964539007093,1153,2.0443262411347516,34.07,-118.39,5.00001
3.8088,27,4.345394736842105,1.125,2665,1.7532894736842106,34.08,-118.39,5.00001
2.9107,22,4.173076923076923,1.1403846153846153,850,1.6346153846153846,34.07,-118.4,5.00001
3.3438,36,4.550684931506849,1.082191780821918,690,1.8904109589041096,34.06,-118.37,5.00001
6.2344,50,5.826254826254826,1.1235521235521235,690,2.664092664092664,34.06,-118.38,5.00001
8.0095,52,6.252577319587629,1,503,2.5927835051546393,34.06,-118.39,5.00001
7.6771,52,6.3951219512195125,1.0585365853658537,578,2.819512195121951,34.06,-118.38,5.00001
3.8158,43,4.9188481675392675,1.0392670157068062,873,2.2853403141361257,34.06,-118.39,5.00001
5.3316,37,4.548929663608563,1.0779816513761469,1291,1.974006116207951,34.06,-118.39,5.00001
3.3295,39,4.346508563899868,1.0948616600790513,1649,2.1725955204216074,34.06,-118.39,5.00001
4.1455,37,4.511933174224343,1.041766109785203,1725,2.058472553699284,34.06,-118.4,5.00001
3.6964,47,4.117249154453213,1.0901916572717023,1438,1.6211950394588501,34.06,-118.4,5.00001
8.2961,52,6.588028169014085,1.147887323943662,646,2.2746478873239435,34.06,-118.4,5.00001
6.6343,52,7.166189111747851,1.0372492836676217,748,2.1432664756446993,34.06,-118.4,5.00001
4.1411,43,5.266798418972332,1.098814229249012,1015,2.005928853754941,34.06,-118.41,5.00001
5.5321,43,5.153766769865841,1.0908152734778123,1830,1.888544891640867,34.06,-118.41,5.00001
3.9904,47,5.217162872154115,1.096322241681261,1076,1.884413309982487,34.07,-118.41,5.00001
9.337,52,7.285714285714286,1.2142857142857142,1154,41.214285714285715,34.06,-118.45,5.00001
13.8556,52,8.948148148148148,1.0777777777777777,810,3,34.05,-118.49,5.00001
13.3036,50,7.660766961651918,1.0029498525073746,964,2.8436578171091447,34.04,-118.49,5.00001
8.0257,48,7.781045751633987,1.1274509803921569,859,2.80718954248366,34.04,-118.49,5.00001
15.0001,52,8,0.9973333333333333,1143,3.048,34.04,-118.5,5.00001
8.3839,52,8.061371841155236,1.144404332129964,769,2.776173285198556,34.04,-118.5,5.00001
4.8125,31,4.684331797235023,1.0956221198156681,1532,1.7649769585253456,34.04,-118.49,5.00001
11.7045,40,7.764044943820225,0.9382022471910112,483,2.7134831460674156,34.04,-118.51,5.00001
7.8705,52,8.096774193548388,1.118279569892473,547,2.9408602150537635,34.03,-118.5,5.00001
7.7572,52,7.070247933884297,1.012396694214876,671,2.772727272727273,34.03,-118.5,5.00001
6.48,44,6.045070422535211,1.1098591549295775,851,2.397183098591549,34.03,-118.5,5.00001
3.8571,37,4.411700975081256,0.980498374864572,1468,1.590465872156013,34.03,-118.51,5.00001
5.0867,24,4.703868103994927,1.1128725428027901,2713,1.7203551046290424,34.02,-118.52,5.00001
3.1433,25,4.355450236966824,1.1658767772511849,1014,1.6018957345971565,34.01,-118.52,5.00001
8.9616,47,7.061371841155235,1,724,2.6137184115523464,34.04,-118.48,5.00001
4.3158,49,5.478260869565218,1.0739130434782609,1435,2.079710144927536,34.04,-118.48,5.00001
3.9659,40,5.324427480916031,1.0877862595419847,610,2.3282442748091605,34.04,-118.48,5.00001
3.6667,36,5.078,1.07,979,1.958,34.04,-118.48,5.00001
1.9722,28,3.7413793103448274,1.4482758620689655,333,1.9137931034482758,34.01,-118.49,5.00001
2.3098,52,2.7037037037037037,1.093681917211329,679,1.4793028322440087,34,-118.51,5.00001
3.0369,32,3.4553752535496955,1.0862068965517242,1463,1.4837728194726165,34,-118.49,5.00001
2.6736,52,3.692934782608696,1.0733695652173914,521,1.4157608695652173,34,-118.48,5.00001
3.2609,22,3.6596638655462184,1.0241596638655461,1268,1.3319327731092436,33.99,-118.5,5.00001
4,48,5.4485049833887045,1.069767441860465,664,2.2059800664451825,34.01,-118.46,5.00001
6.8901,46,5.12639405204461,0.8884758364312267,688,2.557620817843866,34.01,-118.46,5.00001
5.3683,26,5.875586854460094,1.0539906103286385,1218,2.859154929577465,34.01,-118.41,5.00001
5.3359,21,3.6778904665314403,1.099188640973631,7431,1.5073022312373225,33.98,-118.44,5.00001
6.8112,25,7.076693227091633,1.0079681274900398,2519,2.508964143426295,33.98,-118.38,5.00001
6.4018,42,5.480916030534351,1.0687022900763359,324,2.4732824427480917,34.12,-118.58,5.00001
9.7646,23,4.975609756097561,0.975609756097561,117,2.8536585365853657,34.08,-118.69,5.00001
10.076,12,6.994535519125683,0.9972677595628415,907,2.478142076502732,34.1,-118.66,5.00001
9.1228,17,7.811142587346553,1.0415486307837583,6214,2.9338999055712938,34.16,-118.67,5.00001
3.9934,18,4.857142857142857,0.8095238095238095,55,2.619047619047619,34.08,-118.68,5.00001
6.7273,9,9.169519152404238,1.2991035044824777,3029,2.4686226568867156,34.13,-118.68,5.00001
6.5571,10,6.4614243323442135,1.0623145400593472,2030,3.0118694362017804,34.13,-118.76,5.00001
5.8788,12,7.780310880829015,1.0963730569948187,2484,2.5740932642487047,34.11,-118.84,5.00001
5.8548,7,6.444206008583691,1.0815450643776825,1143,2.4527896995708156,34.14,-118.79,5.00001
7.9184,19,5.970890410958904,1.1746575342465753,2782,4.763698630136986,34.05,-118.74,5.00001
8.0144,16,8.19186046511628,1.4186046511627908,970,5.6395348837209305,34.07,-118.86,5.00001
7.7848,19,7.3584905660377355,1.2015646571560055,5175,2.381500230096641,34.02,-118.88,5.00001
8.4476,21,7.538310412573674,1.1355599214145382,1509,2.9646365422396856,34.04,-118.85,5.00001
6.83,28,6.748743718592965,1.0804020100502512,487,2.4472361809045227,34.05,-118.78,5.00001
8.8666,25,6.981132075471698,1.0896226415094339,1560,2.452830188679245,34.06,-118.58,5.00001
8.4331,36,6.266871165644171,1.4325153374233128,606,1.8588957055214723,34.02,-118.6,5.00001
7.4001,25,5.900166389351082,0.9717138103161398,1530,2.545757071547421,34.06,-118.62,5.00001
8.7364,23,7.283112582781457,1.2127483443708609,2750,2.2764900662251657,34.02,-118.66,5.00001
10.0285,22,8.95766129032258,1.1290322580645162,1573,3.1713709677419355,34.41,-118.4,5.00001
5.8703,5,6.535603715170279,1.1021671826625388,2024,3.1331269349845203,34.36,-118.52,5.00001
8.5759,32,6.751412429378531,0.9491525423728814,810,2.288135593220339,37.98,-122.53,5.00001
12.0933,10,8.179012345679013,1.1666666666666667,427,2.6358024691358026,37.98,-122.46,5.00001
6.2862,37,5.072463768115942,0.8260869565217391,179,2.5942028985507246,37.95,-122.52,5.00001
7.1155,52,8.82213438735178,1.150197628458498,731,2.889328063241107,37.97,-122.55,5.00001
9.1834,52,7.341825902335456,0.9936305732484076,1449,3.0764331210191083,37.96,-122.57,5.00001
6.1444,34,6.529268292682927,1.002439024390244,933,2.2756097560975608,37.95,-122.56,5.00001
10.6272,36,8.394190871369295,1.004149377593361,653,2.7095435684647304,37.94,-122.56,5.00001
9.5551,29,5.626865671641791,0.8656716417910447,151,2.253731343283582,37.96,-122.64,5.00001
10.129,44,7.461538461538462,0.9807692307692307,596,2.8653846153846154,37.96,-122.54,5.00001
4.3083,33,5.643652561247216,1.1024498886414253,996,2.2182628062360803,37.96,-122.54,5.00001
5.9582,18,7.485477178423237,1.1784232365145229,600,2.4896265560165975,37.94,-122.52,5.00001
14.5833,24,5.613333333333333,0.8533333333333334,163,2.1733333333333333,37.92,-122.52,5.00001
8.8386,35,6.680965147453083,1.096514745308311,812,2.1769436997319036,37.88,-122.46,5.00001
11.5706,36,7.68213058419244,1.0618556701030928,1315,2.259450171821306,37.87,-122.47,5.00001
10.0791,27,7.2682926829268295,1.0352303523035231,935,2.5338753387533877,37.91,-122.45,5.00001
6.0238,23,4.910714285714286,1.1994047619047619,541,1.6101190476190477,37.89,-122.49,5.00001
7.2905,23,6.401663695781343,1.0314913844325608,3895,2.3143196672608437,37.89,-122.47,5.00001
8.4888,30,5.954113924050633,1.134493670886076,1292,2.0443037974683542,37.9,-122.45,5.00001
7.9892,37,6.052757793764988,0.9544364508393285,999,2.3956834532374103,37.91,-122.53,5.00001
6.1085,52,6.415041782729805,0.9749303621169917,859,2.3927576601671308,37.92,-122.55,5.00001
7.1924,52,5.715942028985507,0.9478260869565217,755,2.1884057971014492,37.91,-122.56,5.00001
8.9248,37,6.4630872483221475,0.9731543624161074,721,2.4194630872483223,37.92,-122.56,5.00001
6.7669,35,5.168560606060606,1.018939393939394,969,1.8352272727272727,37.86,-122.49,5.00001
6.2113,52,5.841791044776119,1.1223880597014926,1177,1.7567164179104477,37.86,-122.48,5.00001
6.4752,42,5.225726141078838,1.0846473029045642,2096,1.7394190871369295,37.85,-122.48,5.00001
12.2547,38,7.0588235294117645,0.8529411764705882,63,1.8529411764705883,37.85,-122.49,5.00001
5.8142,28,7.648648648648648,1.2378378378378379,898,2.427027027027027,36.49,-121.88,5.00001
3.275,52,8.357827476038338,1.5431309904153354,582,1.8594249201277955,36.55,-121.92,5.00001
14.4113,28,11.634686346863468,1.5092250922509225,569,2.0996309963099633,36.57,-121.94,5.00001
6.918,32,6.87719298245614,0.9824561403508771,262,2.2982456140350878,36.59,-121.89,5.00001
6.9615,13,8.347107438016529,1.137741046831956,1027,2.8292011019283745,36.57,-121.81,5.00001
9.9071,30,8.241379310344827,1.0376175548589341,956,2.9968652037617556,33.9,-117.93,5.00001
9.7956,27,7.988188976377953,0.952755905511811,711,2.7992125984251968,33.9,-117.94,5.00001
10.1316,14,8.466512702078521,1.0207852193995381,1400,3.233256351039261,33.86,-117.76,5.00001
7.1193,2,9.09375,1.09375,199,3.109375,33.81,-117.76,5.00001
3.375,4,3.7699530516431925,1.1690140845070423,815,1.9131455399061033,33.65,-117.58,5.00001
10.49,7,10.005873715124816,1.1527165932452277,2175,3.193832599118943,33.53,-117.65,5.00001
4.0294,23,6.105747126436782,1.1839080459770115,998,2.2942528735632184,33.42,-117.62,5.00001
5.1482,12,6.781582054309327,1.244391971664699,2104,2.4840613931523023,33.38,-117.63,5.00001
1.6393,22,4.819787985865724,1.088339222614841,1081,1.9098939929328622,33.47,-117.67,5.00001
6.6852,25,7.302439024390244,1.2658536585365854,903,2.202439024390244,33.44,-117.67,5.00001
2.3846,22,5.1528662420382165,1.1464968152866242,334,2.127388535031847,33.48,-117.66,5.00001
13.0502,6,9.413793103448276,1.0804597701149425,572,3.2873563218390807,33.48,-117.65,5.00001
10.3983,31,7.888888888888889,1.2006172839506173,1530,2.361111111111111,33.49,-117.73,5.00001
7.8239,29,6.666666666666667,1.0426356589147288,612,2.372093023255814,33.51,-117.74,5.00001
5.7281,4,6.835849056603774,1.3849056603773584,1129,2.130188679245283,33.49,-117.72,5.00001
9.8321,17,7.770609318996415,1.039426523297491,654,2.3440860215053765,33.49,-117.73,5.00001
14.9009,8,9.860169491525424,1.1144067796610169,899,3.809322033898305,33.59,-117.68,5.00001
10.3953,8,8.225071225071225,1,1176,3.3504273504273505,33.58,-117.69,5.00001
3.8992,5,7.678861788617886,1.4593495934959348,616,2.5040650406504064,33.43,-117.72,5.00001
6.379,12,7.8193979933110365,1.1672240802675586,1543,2.580267558528428,33.51,-117.71,5.00001
10.1122,2,8.78665496049166,1.2756804214223003,3550,3.1167690956979808,33.57,-117.68,5.00001
1.9659,6,4.795454545454546,1.1590909090909092,125,2.840909090909091,33.72,-117.7,5.00001
4.5469,4,5.219594594594595,1.027027027027027,788,2.6621621621621623,33.68,-117.81,5.00001
7.866,36,6.656957928802589,1.064724919093851,658,2.129449838187702,33.56,-117.79,5.00001
10.9601,24,8.321808510638299,1.3337765957446808,1730,2.300531914893617,33.56,-117.81,5.00001
5.8371,35,5.482758620689655,1.1352785145888593,724,1.9204244031830238,33.55,-117.8,5.00001
4.1591,41,5.004962779156328,1.2133995037220844,783,1.9429280397022333,33.53,-117.8,5.00001
4.4464,29,5.9535655058043115,1.2802653399668324,1070,1.7744610281923714,33.51,-117.77,5.00001
7.79,25,6.514367816091954,1.0316091954022988,866,2.4885057471264367,33.61,-117.87,5.00001
8.6001,15,7.138702460850112,1.0782997762863535,930,2.0805369127516777,33.61,-117.86,5.00001
10.1275,27,7.493421052631579,1.0394736842105263,772,2.539473684210526,33.55,-117.88,5.00001
9.0519,21,7.432291666666667,1.0104166666666667,1443,2.5052083333333335,33.6,-117.84,5.00001
7.9367,23,9.1768115942029,1.191304347826087,1092,3.1652173913043478,33.62,-117.86,5.00001
10.1989,17,7.474874371859296,0.9321608040201005,1247,3.1331658291457285,33.62,-117.86,5.00001
10.3893,18,6.75,0.9722222222222222,316,2.925925925925926,33.62,-117.85,5.00001
7.5674,14,6.477611940298507,1.1059701492537313,1505,2.246268656716418,33.61,-117.85,5.00001
15.0001,13,7.842900302114804,0.9939577039274925,1865,2.8172205438066467,33.62,-117.85,5.00001
5.3099,17,5.795880149812734,1.0318352059925093,1175,2.200374531835206,33.63,-117.86,5.00001
7.2217,28,7.304721030042918,1.0665236051502145,1134,2.4334763948497855,33.54,-117.77,5.00001
3.053,50,5.12,1.5155555555555555,519,2.3066666666666666,33.52,-117.8,5.00001
10.6349,24,6.340361445783133,1.0421686746987953,712,2.144578313253012,33.53,-117.76,5.00001
6.6178,44,6.83955223880597,1.2350746268656716,515,1.921641791044776,33.51,-117.78,5.00001
9.8589,18,7.100719424460432,0.935251798561151,808,2.906474820143885,33.64,-117.82,5.00001
12.3411,4,7.472103004291846,0.9656652360515021,811,3.48068669527897,33.64,-117.81,5.00001
8.8742,31,5.6929460580912865,1.0943983402489628,1938,2.0103734439834025,33.6,-117.88,5.00001
6.6155,20,6.106463878326996,1.0874524714828897,1064,2.0228136882129277,33.6,-117.87,5.00001
6.6544,44,6.681818181818182,1.0588235294117647,910,2.4331550802139037,33.59,-117.87,5.00001
5.2949,33,5.641952983725136,1.0886075949367089,1155,2.088607594936709,33.6,-117.87,5.00001
6.6265,30,6.022292993630574,1.1592356687898089,635,2.022292993630573,33.6,-117.86,5.00001
7.8164,36,7.369458128078818,1.2167487684729064,441,2.1724137931034484,33.6,-117.89,5.00001
4.0764,41,5.530909090909091,1.1927272727272726,527,1.9163636363636363,33.61,-117.9,5.00001
4.8,40,6.580188679245283,1.2523584905660377,952,2.2452830188679247,33.61,-117.91,5.00001
5.1048,37,5.3538461538461535,1.3076923076923077,673,1.7256410256410257,33.6,-117.91,5.00001
7.2988,37,9.166666666666666,1.3442622950819672,921,2.5163934426229506,33.57,-117.92,5.00001
3.6538,25,5.2224576271186445,1.2394067796610169,906,1.9194915254237288,33.6,-117.9,5.00001
3.5682,23,6.026666666666666,1.36,539,1.7966666666666666,33.61,-117.92,5.00001
11.075,38,7.204678362573099,1.04093567251462,410,2.3976608187134505,33.61,-117.91,5.00001
10.3682,37,8.077922077922079,1.1233766233766234,394,2.5584415584415585,33.61,-117.92,5.00001
10.3048,36,8.134920634920634,1.1904761904761905,316,2.507936507936508,33.61,-117.92,5.00001
11.216,36,8.443835616438356,1.2465753424657535,771,2.1123287671232878,33.61,-117.91,5.00001
13.1738,19,7.893732970027248,1.125340599455041,860,2.343324250681199,33.61,-117.9,5.00001
6.0247,41,6.302816901408451,1.2711267605633803,540,1.9014084507042253,33.61,-117.89,5.00001
5,42,5.224899598393574,1.1244979919678715,539,2.1646586345381524,33.61,-117.89,5.00001
5.1923,44,6.403614457831325,1.2740963855421688,745,2.2439759036144578,33.61,-117.89,5.00001
5.6336,40,5.89568345323741,1.2661870503597121,498,1.79136690647482,33.6,-117.89,5.00001
4.2222,45,5.740853658536586,1.2774390243902438,653,1.9908536585365855,33.61,-117.89,5.00001
3.4937,44,5.522556390977444,1.1729323308270676,507,1.906015037593985,33.61,-117.9,5.00001
10.2849,26,7.807095343680709,1.0088691796008868,1336,2.9623059866962307,33.64,-117.87,5.00001
5.4284,4,5.067226890756302,1.0742296918767507,1326,1.8571428571428572,33.65,-117.86,5.00001
10.8289,9,6.825027685492802,1.1118493909191585,1912,2.1173864894795127,33.63,-117.87,5.00001
15.0001,15,8.062043795620438,1.0036496350364963,735,2.6824817518248176,33.62,-117.87,5.00001
9.802,8,6.918032786885246,1.1475409836065573,375,2.0491803278688523,33.62,-117.87,5.00001
10.1454,26,8.171220400728597,1.0091074681238617,1598,2.9107468123861566,33.63,-117.9,5.00001
7.1148,28,6.829971181556196,1.0144092219020173,832,2.397694524495677,33.63,-117.9,5.00001
5.9196,27,8.852216748768473,1.6896551724137931,435,2.142857142857143,33.61,-117.91,5.00001
4.4063,32,4.687793427230047,1.0023474178403755,944,2.215962441314554,33.62,-117.91,5.00001
9.2175,35,6.268733850129199,0.9276485788113695,937,2.4211886304909562,33.62,-117.91,5.00001
4.5658,33,5.74468085106383,1.2644376899696048,859,2.6109422492401215,33.62,-117.93,5.00001
6.0516,29,6.9581395348837205,1.3116279069767443,463,2.1534883720930234,33.63,-117.95,5.00001
7.0516,37,5.375609756097561,1.0439024390243903,807,1.9682926829268292,33.62,-117.93,5.00001
3.6607,25,4.771084337349397,1.0602409638554218,569,2.285140562248996,33.62,-117.94,5.00001
13.466,26,8.874233128834355,1.0582822085889572,983,3.0153374233128836,33.75,-117.79,5.00001
9.3845,26,7.92225201072386,1.0107238605898123,1074,2.8793565683646114,33.75,-117.79,5.00001
11.4537,25,8.89763779527559,1.0275590551181102,719,2.8307086614173227,33.76,-117.78,5.00001
11.0124,19,8.291079812206572,0.9436619718309859,1200,2.816901408450704,33.76,-117.77,5.00001
12.2092,20,8.836990595611285,1,1019,3.19435736677116,33.82,-117.81,5.00001
11.1228,17,8.586705202312139,1.0115606936416186,1180,3.4104046242774566,33.83,-117.8,5.00001
8.3637,22,8.938028169014084,1.047887323943662,1181,3.3267605633802817,33.82,-117.82,5.00001
10.8111,22,8.944444444444445,1.0339506172839505,1057,3.2623456790123457,33.82,-117.81,5.00001
11.5199,3,7.682926829268292,0.9349593495934959,337,2.7398373983739837,33.69,-118.01,5.00001
4.8482,43,3.954692556634304,0.9805825242718447,565,1.8284789644012944,33.74,-118.11,5.00001
5.0476,32,3.7664670658682633,0.9970059880239521,645,1.9311377245508983,33.73,-118.11,5.00001
4.2287,32,3.974609375,1.015625,934,1.82421875,33.74,-118.1,5.00001
5.1824,32,5.641148325358851,1.1961722488038278,369,1.7655502392344498,33.72,-118.07,5.00001
8.7397,19,7.091370558375634,1.3756345177664975,491,2.4923857868020303,33.71,-118.09,5.00001
5.7704,17,5.744974874371859,1.1771356783919598,1619,2.0339195979899496,33.72,-118.06,5.00001
9.8177,22,8.088180112570356,0.9962476547842402,1426,2.675422138836773,33.72,-118.06,5.00001
15.0001,14,8.35423197492163,1.0376175548589341,964,3.0219435736677114,33.72,-118.06,5.00001
10.5424,16,7.598615916955017,1.041522491349481,1490,2.577854671280277,33.73,-118.06,5.00001
4.2386,6,7.723076923076923,1.1692307692307693,228,3.5076923076923077,33.83,-117.55,5.00001
2.625,16,4,0.5,39,2.7857142857142856,33.87,-117.22,5.00001
6.993,13,6.428571428571429,1,120,2.857142857142857,33.51,-117.18,5.00001
5.2066,4,10.5,1.4456521739130435,311,3.380434782608696,33.51,-117.32,5.00001
5.7613,28,8.647398843930636,1.6242774566473988,676,1.953757225433526,33.84,-116.55,5.00001
3.7727,24,10.953586497890296,1.8481012658227849,473,1.9957805907172996,33.75,-116.43,5.00001
8.4411,2,10.296296296296296,1.1666666666666667,179,3.314814814814815,33.97,-117.78,5.00001
3.0625,34,3.2142857142857144,0.7857142857142857,39,2.7857142857142856,34.08,-117.08,5.00001
8.1548,52,7.868421052631579,1.2105263157894737,459,2.4157894736842107,32.75,-117.19,5.00001
5.7914,52,7.188888888888889,0.9722222222222222,434,2.411111111111111,32.76,-117.19,5.00001
3.2361,38,5.066308243727598,1.0412186379928314,972,1.7419354838709677,32.72,-117.23,5.00001
6.6661,32,6.85996705107084,1.1548599670510709,1277,2.103789126853377,32.71,-117.24,5.00001
6.9553,35,7.307392996108949,1.198443579766537,598,2.3268482490272375,32.81,-117.29,5.00001
4.1477,38,5.530373831775701,1.1214953271028036,891,2.0817757009345796,32.83,-117.31,5.00001
4.1793,35,5.497164461247637,1.1247637051039698,1068,2.01890359168242,32.82,-117.27,5.00001
11.3074,42,8.363363363363364,1.1681681681681682,833,2.5015015015015014,32.82,-117.31,5.00001
3.1324,28,4.228260869565218,1.2572463768115942,770,1.394927536231884,32.85,-117.3,5.00001
10.7751,19,9.02051282051282,1.0974358974358975,659,3.3794871794871795,32.84,-117.25,5.00001
8.2374,30,7.904761904761905,1.08008658008658,978,2.116883116883117,32.85,-117.26,5.00001
10.9529,17,8.609958506224066,1.0871369294605808,704,2.921161825726141,32.83,-117.25,5.00001
6.1025,26,6.566666666666666,1.095,1180,1.9666666666666666,32.84,-117.27,5.00001
9.5245,23,7.607187112763321,1.023543990086741,2036,2.522924411400248,32.82,-117.25,5.00001
10.7721,24,8.893048128342246,1.0641711229946524,578,3.090909090909091,32.83,-117.26,5.00001
8.496,34,7.825970548862115,1.0508701472556894,1817,2.43239625167336,32.82,-117.26,5.00001
8.0639,35,8.022598870056497,1.0903954802259888,469,2.6497175141242937,32.83,-117.27,5.00001
6.8322,25,6.578212290502793,1.0642458100558658,823,2.298882681564246,32.92,-117.29,5.00001
12.4429,30,8.267326732673267,1.0841584158415842,606,3,32.86,-117.25,5.00001
5.1023,25,5.833667334669339,1.0681362725450902,1137,2.278557114228457,32.86,-117.25,5.00001
7.2821,27,7.7607361963190185,1.4386503067484662,594,1.822085889570552,32.86,-117.25,5.00001
5.3787,42,6.905882352941177,1.2901960784313726,480,1.8823529411764706,32.85,-117.26,5.00001
10.0707,22,7.906818181818182,1.018181818181818,1252,2.8454545454545452,32.85,-117.24,5.00001
5.8343,15,6.598726114649682,0.9490445859872612,395,2.515923566878981,32.95,-117.26,5.00001
6.9794,15,8.593607305936073,1.0639269406392695,704,3.2146118721461185,32.95,-117.26,5.00001
3.25,29,5.325259515570934,1.1903114186851211,556,1.9238754325259515,32.68,-117.18,5.00001
5.1009,52,6.123333333333333,1.0433333333333332,668,2.2266666666666666,32.69,-117.18,5.00001
5.3177,40,7.075949367088608,1.0474683544303798,767,2.4272151898734178,32.69,-117.17,5.00001
7.7517,11,8.506024096385541,1.1144578313253013,529,3.1867469879518073,33.01,-116.99,5.00001
11.0911,20,8.259803921568627,1.0612745098039216,1020,2.5,33.03,-117.21,5.00001
13.6623,15,8.329411764705883,1.0658823529411765,1364,3.2094117647058824,33.02,-117.18,5.00001
10.156,26,7.8669950738916254,1.1182266009852218,1032,2.541871921182266,33.02,-117.21,5.00001
11.1118,18,8.427659574468086,1.0872340425531914,1541,3.2787234042553193,33.01,-117.23,5.00001
6.4651,25,5.481953290870488,1.0509554140127388,1088,2.3099787685774946,32.97,-117.26,5.00001
10.1768,36,6.102836879432624,0.9361702127659575,710,2.517730496453901,32.96,-117.26,5.00001
5.6582,34,6.092250922509225,1.007380073800738,650,2.3985239852398523,32.95,-117.26,5.00001
4.4375,22,5.4189723320158105,1.2124505928853755,1947,1.923913043478261,32.95,-117.26,5.00001
4.2875,30,8.119205298013245,1.3576158940397351,380,2.5165562913907285,32.96,-117.3,5.00001
15.0001,17,8.52037617554859,1.0219435736677116,1011,3.169278996865204,32.99,-117.23,5.00001
3.5341,15,5.681710213776722,1.0593824228028503,747,1.7743467933491686,33.1,-117.31,5.00001
3.975,22,6.896373056994818,1.5803108808290156,580,3.005181347150259,33.16,-117.35,5.00001
2.3182,24,5.574931880108992,1.2043596730245232,812,2.212534059945504,33.17,-117.36,5.00001
7.0423,22,14.189349112426035,2.408284023668639,349,2.06508875739645,33.09,-117.26,5.00001
3.6728,25,2.671201814058957,1.2358276643990929,592,1.342403628117914,37.81,-122.41,5.00001
1.8981,31,3.3230641132389676,1.0915903413821815,2305,1.9192339716902582,37.81,-122.41,5.00001
4.3472,52,5.256,1.268,473,1.892,37.81,-122.42,5.00001
8.0755,52,5.592156862745098,1.1392156862745098,838,1.6431372549019607,37.8,-122.42,5.00001
4.9211,52,3.9721115537848606,1.0796812749003983,1848,1.4725099601593625,37.8,-122.42,5.00001
3.2356,50,3.502808988764045,1.026685393258427,958,1.345505617977528,37.8,-122.42,5.00001
4.4712,52,4.490909090909091,1.0303030303030303,277,1.6787878787878787,37.8,-122.42,5.00001
3.1477,52,4.213703099510604,1.0962479608482871,1335,2.177814029363785,37.8,-122.41,5.00001
5.4378,52,4.6234132581100145,1.0930888575458393,1279,1.8039492242595205,37.8,-122.41,5.00001
2.5875,52,3.2874493927125505,1.0202429149797572,629,2.5465587044534415,37.8,-122.41,5.00001
6.3245,52,4.735294117647059,1.1360294117647058,437,1.6066176470588236,37.8,-122.41,5.00001
4.775,52,4.151785714285714,1.2834821428571428,679,1.515625,37.8,-122.4,5.00001
5.866,52,5.19971870604782,1.1772151898734178,1446,2.0337552742616034,37.8,-122.41,5.00001
4.3472,52,4.296466973886329,1.0522273425499231,1156,1.7757296466973886,37.8,-122.42,5.00001
3.0296,52,3.504819277108434,1.0253012048192771,1711,2.06144578313253,37.79,-122.41,5.00001
3.3681,52,4.541953232462173,1.1953232462173315,1178,1.6203576341127923,37.79,-122.41,5.00001
0.9,52,2.237474262182567,1.0535346602608098,3260,2.237474262182567,37.8,-122.41,5.00001
4.5581,25,3.9016253207869975,1.260906757912746,1525,1.3045337895637297,37.8,-122.39,5.00001
3.2059,52,3.4479465138490926,1.2282712511938874,1504,1.4364851957975167,37.79,-122.41,5.00001
2.3304,26,1.8247191011235955,1.1393258426966293,628,1.4112359550561797,37.78,-122.42,5.00001
0.8543,27,2.297872340425532,1.175531914893617,1211,1.610372340425532,37.78,-122.42,5.00001
3.7679,39,4.517241379310345,1.1544827586206896,1137,1.5682758620689654,37.81,-122.43,5.00001
3.4801,52,3.977154724818276,1.185877466251298,1310,1.3603322949117342,37.8,-122.44,5.00001
4.2857,52,5.4043887147335425,1.29153605015674,540,1.6927899686520376,37.8,-122.44,5.00001
4.6781,52,5.3997493734335835,1.1804511278195489,1297,1.6253132832080202,37.81,-122.43,5.00001
3.9028,52,7.4728260869565215,1.75,287,1.559782608695652,37.81,-122.45,5.00001
5.0376,52,8.564179104477612,1.773134328358209,500,1.492537313432836,37.8,-122.44,5.00001
4.5523,52,5.253225806451613,1.185483870967742,1045,1.685483870967742,37.8,-122.44,5.00001
3.2447,52,3.5267857142857144,1.0491071428571428,714,1.59375,37.8,-122.44,5.00001
4.625,52,4.785714285714286,1.0927051671732524,1145,1.7401215805471124,37.8,-122.44,5.00001
7.9761,52,7.709756097560976,1.1512195121951219,842,2.053658536585366,37.8,-122.44,5.00001
5.2539,52,4.965337954939342,1.0277296360485269,1029,1.783362218370884,37.8,-122.44,5.00001
3.9856,52,3.4547413793103448,1.0495689655172413,727,1.5668103448275863,37.8,-122.44,5.00001
4.0417,52,4.791666666666667,1.1180555555555556,553,1.9201388888888888,37.8,-122.43,5.00001
4.038,52,3.8788321167883213,1.127007299270073,1014,1.4802919708029196,37.8,-122.42,5.00001
5.7934,52,4.151565074135091,1.0691927512355848,959,1.5799011532125207,37.8,-122.43,5.00001
4.5399,52,4.898601398601398,1.0874125874125875,954,1.667832167832168,37.8,-122.43,5.00001
4.5913,52,3.9833984375,1.0859375,1466,1.431640625,37.8,-122.42,5.00001
4.0156,48,3.63680387409201,1.0831315577078289,1980,1.5980629539951574,37.79,-122.42,5.00001
3.8068,52,4.184272300469484,1.0469483568075117,1377,1.6161971830985915,37.79,-122.43,5.00001
7.2623,52,4.287822878228782,1.0418204182041821,1248,1.5350553505535056,37.79,-122.43,5.00001
5.8543,52,4.502183406113537,1.1397379912663756,2065,1.502911208151383,37.79,-122.43,5.00001
5.3124,52,5.348648648648648,0.9702702702702702,648,1.7513513513513514,37.79,-122.44,5.00001
10.8783,52,8.503184713375797,0.9617834394904459,402,2.5605095541401273,37.79,-122.44,5.00001
8.0755,52,6.253822629969419,1.0795107033639144,722,2.2079510703363914,37.79,-122.44,5.00001
15.0001,52,7.994475138121547,1.0276243093922652,483,2.6685082872928176,37.79,-122.44,5.00001
10.0914,52,7.546391752577319,0.9621993127147767,668,2.29553264604811,37.79,-122.45,5.00001
5.5634,52,5.725746268656716,1.080223880597015,1107,2.0652985074626864,37.79,-122.45,5.00001
10.7097,52,7.0048076923076925,1.0336538461538463,495,2.3798076923076925,37.79,-122.45,5.00001
14.2959,52,8.172727272727272,0.8727272727272727,304,2.7636363636363637,37.79,-122.46,5.00001
5.2909,52,6.051724137931035,1.0718390804597702,743,2.1350574712643677,37.79,-122.46,5.00001
3.975,52,3.731006160164271,1.0985626283367556,800,1.6427104722792607,37.79,-122.44,5.00001
4.4375,52,4.57286432160804,1.0552763819095476,1525,1.9158291457286432,37.79,-122.44,5.00001
6.4209,52,4.737171464330413,1.0112640801001251,1371,1.7158948685857323,37.79,-122.44,5.00001
4.3986,52,3.9706877113866965,1.0574971815107101,1319,1.4870349492671928,37.79,-122.43,5.00001
4.2042,52,3.878313253012048,1.1674698795180722,1152,1.3879518072289156,37.79,-122.43,5.00001
2.7165,50,3.321965897693079,1.098294884653962,1475,1.4794383149448345,37.79,-122.43,5.00001
3.4375,52,3.9271781534460337,1.0949284785435631,1294,1.682704811443433,37.79,-122.43,5.00001
4.4464,52,4.394919168591224,1.0646651270207852,831,1.9191685912240184,37.79,-122.44,5.00001
3.7188,46,4.434878587196468,1.0242825607064017,761,1.6799116997792494,37.79,-122.45,5.00001
5.0156,52,5.752532561505065,1.036179450072359,1515,2.1924746743849495,37.78,-122.45,5.00001
3.3068,52,4.801204819277109,1.0662650602409638,1526,2.2981927710843375,37.77,-122.45,5.00001
3.0906,52,3.940503432494279,1.0640732265446224,885,2.0251716247139586,37.77,-122.45,5.00001
3.6186,52,4.472329472329473,1.0386100386100385,1518,1.9536679536679538,37.77,-122.44,5.00001
4.4875,52,5.210016155088853,1.0775444264943457,1494,2.4135702746365104,37.77,-122.44,5.00001
4.3667,52,4.908963585434174,1.0434173669467788,1374,1.9243697478991597,37.77,-122.44,5.00001
4.6912,50,4.87984496124031,0.9825581395348837,979,1.8972868217054264,37.76,-122.45,5.00001
3.575,52,4.843505477308295,1.0672926447574336,1269,1.9859154929577465,37.77,-122.45,5.00001
4.5052,52,4.94228356336261,1.06900878293601,1737,2.179422835633626,37.77,-122.45,5.00001
5.6235,51,5.800904977375565,1.0339366515837105,810,1.832579185520362,37.76,-122.45,5.00001
4.75,52,4.831896551724138,0.9892241379310345,751,1.6185344827586208,37.76,-122.43,5.00001
5.8151,52,6.853448275862069,1.0172413793103448,622,2.6810344827586206,37.75,-122.46,5.00001
10.7569,52,7.450617283950617,0.9382716049382716,465,2.8703703703703702,37.75,-122.46,5.00001
9.3603,51,6.765586034912718,0.9875311720698254,1090,2.718204488778055,37.75,-122.47,5.00001
10.959,52,7.153310104529616,0.9790940766550522,791,2.7560975609756095,37.74,-122.46,5.00001
8.1189,52,8.154761904761905,1.0515873015873016,735,2.9166666666666665,37.74,-122.47,5.00001
7.8476,52,7.908284023668639,1.032544378698225,876,2.591715976331361,37.73,-122.46,5.00001
10.7309,52,7.850364963503649,1.0218978102189782,762,2.781021897810219,37.73,-122.47,5.00001
10.6605,50,7.379464285714286,1.125,641,2.861607142857143,37.73,-122.47,5.00001
5.1681,52,6.913419913419913,1.0389610389610389,566,2.45021645021645,37.73,-122.48,5.00001
4.1029,52,5.632022471910112,1.0084269662921348,847,2.3792134831460676,37.79,-122.46,5.00001
3.7419,52,5.121890547263682,1.0348258706467661,999,2.485074626865672,37.79,-122.46,5.00001
3.7887,52,4.926724137931035,1.110632183908046,1584,2.2758620689655173,37.78,-122.46,5.00001
4.75,52,4.771812080536913,1.0453020134228188,1380,2.315436241610738,37.79,-122.47,5.00001
2.8125,52,5.022988505747127,1.206896551724138,194,2.2298850574712645,37.79,-122.47,5.00001
9.1881,52,7.255506607929515,1.039647577092511,546,2.405286343612335,37.79,-122.48,5.00001
6.1407,52,6.914285714285715,1.0505494505494506,1143,2.512087912087912,37.79,-122.49,5.00001
10.7058,52,8.433898305084746,0.9525423728813559,805,2.7288135593220337,37.79,-122.49,5.00001
4.2414,49,4.857142857142857,0.984375,1040,2.3214285714285716,37.78,-122.49,5.00001
3.4051,45,5.9459227467811155,1.0798283261802575,4715,4.047210300429184,37.81,-122.47,5.00001
15.0001,52,8,1,13,13,37.79,-122.5,5.00001
0.7025,19,2.425196850393701,1.125984251968504,1799,2.8330708661417323,35.3,-120.67,5.00001
6.1323,32,6.28951048951049,1.020979020979021,1846,2.581818181818182,37.59,-122.39,5.00001
6.2306,22,5.749478079331942,0.9958246346555324,1163,2.4279749478079333,37.59,-122.4,5.00001
7.8997,36,6.755605381165919,0.9551569506726457,2314,2.594170403587444,37.58,-122.39,5.00001
6.358,26,6.835416666666666,1.10625,1145,2.3854166666666665,37.58,-122.4,5.00001
6.0374,33,6.811881188118812,0.9867986798679867,813,2.6831683168316833,37.59,-122.39,5.00001
8.4704,52,7.012345679012346,0.9300411522633745,671,2.7613168724279835,37.58,-122.38,5.00001
6.471,52,6.729372937293729,0.9867986798679867,772,2.547854785478548,37.58,-122.38,5.00001
4.7404,43,5.855140186915888,1.0093457943925233,967,2.2593457943925235,37.58,-122.37,5.00001
4.5486,52,6.884057971014493,1.0507246376811594,665,2.4094202898550723,37.58,-122.37,5.00001
4.97,52,6.685064935064935,1.12012987012987,800,2.5974025974025974,37.57,-122.35,5.00001
12.4291,34,9.666666666666666,1.1218637992831542,810,2.903225806451613,37.58,-122.37,5.00001
10.7339,35,8.570048309178745,0.9903381642512077,588,2.8405797101449277,37.57,-122.36,5.00001
15.0001,32,9.166340508806263,1.0567514677103718,1512,2.958904109589041,37.56,-122.36,5.00001
11.6833,21,8.497635933806146,1.033096926713948,2440,2.884160756501182,37.56,-122.37,5.00001
12.6417,39,9.10997442455243,1,1139,2.9130434782608696,37.56,-122.34,5.00001
13.3913,25,8.869047619047619,1.0277777777777777,1507,2.990079365079365,37.55,-122.34,5.00001
10.1675,23,8.834285714285715,1.0671428571428572,2165,3.092857142857143,37.54,-122.36,5.00001
14.4219,52,8.253731343283581,0.9502487562189055,519,2.582089552238806,37.56,-122.35,5.00001
7.0422,52,7.045454545454546,1.0909090909090908,967,2.585561497326203,37.57,-122.34,5.00001
8.2598,52,7.094707520891365,1.0389972144846797,876,2.4401114206128134,37.57,-122.34,5.00001
10.4286,52,7.91970802919708,0.9817518248175182,784,2.8613138686131387,37.57,-122.35,5.00001
3.4902,34,4.274064171122995,1.0822192513368984,2400,1.6042780748663101,37.56,-122.33,5.00001
5.549,49,7,1.0381944444444444,691,2.3993055555555554,37.56,-122.32,5.00001
10.0743,50,7.868525896414343,0.9760956175298805,644,2.5657370517928286,37.56,-122.33,5.00001
4.6406,50,6.1,1.0560975609756098,1050,2.5609756097560976,37.55,-122.32,5.00001
9.3694,51,8.300970873786408,1.0744336569579287,870,2.8155339805825244,37.55,-122.33,5.00001
6.9533,44,7.6080246913580245,1.0123456790123457,843,2.6018518518518516,37.55,-122.34,5.00001
6.1349,33,6.893416927899686,0.9780564263322884,827,2.592476489028213,37.55,-122.33,5.00001
4.7045,17,3.2377450980392157,1.0416666666666667,683,1.6740196078431373,37.55,-122.26,5.00001
9.1415,5,7.2052980132450335,0.9757174392935982,1607,3.5474613686534218,37.54,-122.26,5.00001
8.9083,15,6.947712418300654,1.0130718954248366,905,2.957516339869281,37.54,-122.27,5.00001
6.5475,25,6.992373689227836,1.1029551954242136,2626,2.503336510962822,37.49,-122.28,5.00001
8.5184,26,6.759541984732825,0.9675572519083969,1392,2.6564885496183206,37.48,-122.27,5.00001
7.4678,15,6.594464500601685,1.0734055354993983,2009,2.417569193742479,37.48,-122.29,5.00001
7.0001,26,6.960164835164835,1.0302197802197801,1996,2.741758241758242,37.46,-122.26,5.00001
6.8879,44,8.717171717171718,1.1515151515151516,281,2.8383838383838382,37.47,-122.28,5.00001
7.1621,45,6.8575,0.975,974,2.435,37.48,-122.25,5.00001
2.5833,19,3.156862745098039,1.0980392156862746,191,1.8725490196078431,37.49,-122.24,5.00001
9.8892,40,8.24401913875598,0.9952153110047847,976,4.669856459330144,37.46,-122.2,5.00001
15.0001,31,9.425101214574898,1.0931174089068827,722,2.923076923076923,37.44,-122.2,5.00001
15.0001,32,8.84504132231405,1.0351239669421488,1318,2.7231404958677685,37.44,-122.22,5.00001
10.8758,48,8.50498338870432,1.069767441860465,921,3.0598006644518274,37.46,-122.21,5.00001
15.0001,40,8.584541062801932,1,577,2.78743961352657,37.46,-122.21,5.00001
15.0001,40,9.80232558139535,1.1356589147286822,831,3.2209302325581395,37.46,-122.18,5.00001
9.9025,40,8.106849315068493,1.0657534246575342,985,2.6986301369863015,37.47,-122.2,5.00001
13.367,37,8.709480122324159,1.003058103975535,852,2.6055045871559632,37.47,-122.18,5.00001
15.0001,46,6,0.8,13,2.6,37.5,-122.14,5.00001
9.459,47,8.198581560283689,1.177304964539007,1044,3.702127659574468,37.46,-122.17,5.00001
4.1985,34,4.761862917398946,1.039543057996485,2002,1.7592267135325133,37.46,-122.19,5.00001
4.4531,33,4.835978835978836,1.0476190476190477,766,2.0264550264550265,37.45,-122.17,5.00001
5.1995,35,4.418103448275862,1.043103448275862,388,1.6724137931034482,37.45,-122.17,5.00001
8.2436,44,6.465317919075145,1.0028901734104045,948,2.739884393063584,37.44,-122.18,5.00001
9.3198,38,7.275268817204301,0.9806451612903225,1203,2.587096774193548,37.44,-122.19,5.00001
8.9955,39,6.976228209191759,0.9793977812995246,1616,2.561014263074485,37.44,-122.19,5.00001
7.3681,38,6.815789473684211,0.9924812030075187,1350,2.537593984962406,37.43,-122.2,5.00001
4.6908,35,5.728643216080402,0.9698492462311558,486,2.442211055276382,37.44,-122.21,5.00001
5.2391,22,5.029007633587787,1.1358778625954198,1337,2.0412213740458016,37.43,-122.2,5.00001
8.6963,33,5.92619926199262,0.9372693726937269,727,2.6826568265682655,37.43,-122.21,5.00001
5.7211,23,6.46509009009009,1.1396396396396395,1843,2.0754504504504503,37.43,-122.21,5.00001
7.4542,16,6.483333333333333,1.0666666666666667,512,1.7066666666666668,37.42,-122.23,5.00001
8.4375,47,8.03448275862069,1.4396551724137931,295,2.543103448275862,37.42,-122.19,5.00001
9.7796,20,6.678082191780822,0.9178082191780822,324,2.219178082191781,37.43,-122.21,5.00001
11.9666,28,7.139240506329114,0.9113924050632911,191,2.4177215189873418,37.42,-122.21,5.00001
8.2782,37,6.75,1.0104166666666667,540,2.8125,37.4,-122.2,5.00001
10.0481,30,8.061728395061728,1.0432098765432098,980,3.0246913580246915,37.4,-122.2,5.00001
11.3176,28,8.082289803220036,1.033989266547406,1489,2.663685152057245,37.38,-122.21,5.00001
13.2986,17,7.2995283018867925,1.0424528301886793,1173,2.766509433962264,37.35,-122.2,5.00001
8.2883,34,6.618834080717488,0.9730941704035875,613,2.7488789237668163,37.37,-122.21,5.00001
8.7382,34,6.4421487603305785,1.0041322314049588,600,2.479338842975207,37.36,-122.22,5.00001
15.0001,32,8.116607773851591,1.0141342756183747,814,2.8763250883392226,37.4,-122.22,5.00001
10.2811,34,8.127371273712738,0.989159891598916,927,2.5121951219512195,37.45,-122.25,5.00001
6.3824,41,5.42483660130719,0.8888888888888888,353,2.30718954248366,37.45,-122.27,5.00001
7.652,36,6.392572944297083,0.9575596816976127,934,2.477453580901857,37.43,-122.24,5.00001
15.0001,33,7.446511627906977,1.0372093023255815,629,2.925581395348837,37.43,-122.27,5.00001
10.6514,33,6.981132075471698,0.7924528301886793,153,2.8867924528301887,37.39,-122.25,5.00001
7.8633,28,7.162337662337662,1.0649350649350648,415,2.6948051948051948,37.38,-122.26,5.00001
10.6868,30,7.986215538847118,1.0701754385964912,2149,2.692982456140351,37.41,-122.29,5.00001
7.439,21,6.494584837545126,1.0577617328519855,576,2.07942238267148,37.46,-122.34,5.00001
6.2263,52,6.228260869565218,1.108695652173913,232,2.5217391304347827,37.39,-122.33,5.00001
7.9248,21,7.246951219512195,0.9817073170731707,1007,3.0701219512195124,34.48,-119.78,5.00001
6.4744,23,8.11328125,1.1953125,705,2.75390625,34.45,-119.78,5.00001
6.3997,50,7.37020316027088,1.1489841986455982,1256,2.835214446952596,34.44,-119.72,5.00001
7.7261,32,7.06831119544592,1.079696394686907,1304,2.47438330170778,34.47,-119.7,5.00001
6.8406,41,7.394052044609666,1.0074349442379182,666,2.475836431226766,34.44,-119.69,5.00001
8.7394,23,6.951871657754011,1.0641711229946524,917,2.4518716577540105,34.44,-119.68,5.00001
4.9757,35,7.049608355091384,1.1018276762402088,1995,5.2088772845953,34.47,-119.67,5.00001
6.5631,26,7.027707808564232,1.0403022670025188,1014,2.554156171284635,34.44,-119.66,5.00001
3.8456,27,5.627170582226762,1.0817160367722165,2591,2.6465781409601634,34.43,-119.66,5.00001
6.8927,31,6.634551495016611,0.9933554817275747,826,2.744186046511628,34.4,-119.75,5.00001
8.5608,42,6.788461538461538,1.0115384615384615,753,2.896153846153846,34.42,-119.63,5.00001
5.623,34,6.239754098360656,1.1680327868852458,1002,2.05327868852459,34.43,-119.64,5.00001
6.0069,29,6.305057096247961,1.3278955954323002,1266,2.065252854812398,34.4,-119.63,5.00001
4.625,32,6.324324324324325,1.0743243243243243,749,2.5304054054054053,34.43,-119.64,5.00001
5.3963,33,7.509394572025053,1.0835073068893528,1207,2.519832985386221,34.45,-119.61,5.00001
9.4522,37,8.47872340425532,1.175531914893617,984,2.617021276595745,34.44,-119.63,5.00001
9.0267,16,8.569131832797428,1.257234726688103,794,2.553054662379421,34.43,-119.61,5.00001
6.091,28,7.25879917184265,1.165631469979296,1362,2.8198757763975157,34.46,-119.51,5.00001
2.7275,17,5.574285714285714,1.0514285714285714,681,1.9457142857142857,34.38,-119.55,5.00001
4.2059,28,6.149321266968326,1.2262443438914028,1066,2.411764705882353,34.43,-119.59,5.00001
11.7794,39,14.666666666666666,1.8095238095238095,59,2.8095238095238093,34.35,-119.5,5.00001
3.0185,17,4.205479452054795,0.863013698630137,434,1.9817351598173516,34.61,-120.16,5.00001
6.6054,13,7.654368932038835,1.1359223300970873,1542,2.9941747572815536,34.72,-120.04,5.00001
9.7821,28,8.212871287128714,1.0915841584158417,1604,3.9702970297029703,34.43,-119.77,5.00001
9.6885,20,8.16842105263158,1.0921052631578947,1061,2.792105263157895,34.4,-119.79,5.00001
8.1871,18,10.581521739130435,1.358695652173913,605,3.2880434782608696,37.35,-121.75,5.00001
1.7361,42,3,1,26,1.8571428571428572,37.39,-121.9,5.00001
10.3798,5,8.166666666666666,1,705,3.7903225806451615,37.46,-121.89,5.00001
10.9722,5,7.978070175438597,1.0745614035087718,802,3.517543859649123,37.46,-121.88,5.00001
15.0001,43,5.6875,0.75,58,3.625,37.46,-121.87,5.00001
9.3834,21,8.7,1.0607142857142857,1811,3.2339285714285713,37.22,-121.93,5.00001
5.2321,46,5.664233576642336,1.0724312184166198,3728,2.093206064008984,37.22,-121.98,5.00001
8.492,35,6.785302593659942,1.04178674351585,1866,2.6887608069164264,37.22,-121.96,5.00001
10.0187,20,8.496376811594203,1.1666666666666667,890,3.2246376811594204,37.21,-121.95,5.00001
9.0704,36,7.252272727272727,0.9772727272727273,1234,2.8045454545454547,37.23,-122,5.00001
15,19,7.626262626262626,0.9393939393939394,267,2.696969696969697,37.25,-121.98,5.00001
10.7582,25,8.715,1.06,604,3.02,37.25,-121.99,5.00001
11.2463,22,8.249027237354085,1.0350194552529184,1480,2.8793774319066148,37.25,-121.99,5.00001
8.5425,35,7.508403361344538,1.01890756302521,1325,2.783613445378151,37.24,-121.98,5.00001
8.8178,27,7.472035794183445,1.0089485458612975,1220,2.7293064876957494,37.27,-122.01,5.00001
10.2666,24,8.063545150501673,1,847,2.8327759197324416,37.26,-122.02,5.00001
8.0331,34,7.910313901345291,1.0896860986547086,692,3.103139013452915,37.26,-122.02,5.00001
10.2311,31,8.24083769633508,1.0104712041884816,551,2.884816753926702,37.25,-122.01,5.00001
7.9234,29,8.017699115044248,1.0766961651917404,982,2.896755162241888,37.26,-121.99,5.00001
7.6107,14,6.775132275132275,1.0687830687830688,1172,3.1005291005291005,37.26,-122.01,5.00001
7.8711,34,7.923287671232877,1.1315068493150684,903,2.473972602739726,37.25,-122.03,5.00001
11.1557,24,7.921875,1.0885416666666667,539,2.8072916666666665,37.24,-122.04,5.00001
10.6834,28,7.702479338842975,1.0055096418732783,1085,2.9889807162534434,37.24,-122.02,5.00001
10.3653,22,7.3364705882352945,1.0305882352941176,1147,2.6988235294117646,37.29,-122.03,5.00001
8.7939,18,7.96875,0.975,999,3.121875,37.29,-122.02,5.00001
10.3979,25,8.094736842105263,1.0357894736842106,1461,3.0757894736842104,37.29,-122.02,5.00001
7.5,31,7.611650485436893,1.046116504854369,1190,2.8883495145631066,37.29,-122.01,5.00001
9.1569,22,7.252669039145908,0.9252669039145908,773,2.7508896797153026,37.28,-122.01,5.00001
8.3605,33,7.161716171617162,1.0264026402640265,854,2.8184818481848186,37.28,-122,5.00001
7.8279,32,7.142857142857143,1.0591133004926108,1551,2.5467980295566504,37.27,-122.03,5.00001
9.8937,29,7.966029723991507,0.9936305732484076,1320,2.8025477707006368,37.28,-122.03,5.00001
9.3464,25,8.362530413625304,1.0413625304136254,1198,2.9148418491484187,37.28,-122.02,5.00001
10.675,28,7.96875,0.9854166666666667,1415,2.9479166666666665,37.27,-122.01,5.00001
10.5793,16,7.75,1.0625,567,2.7259615384615383,37.27,-122.06,5.00001
12.2145,19,8.863080684596577,1.0562347188264058,1252,3.0611246943765282,37.29,-122.04,5.00001
10.7958,25,7.950089126559715,0.9857397504456328,1608,2.8663101604278074,37.27,-122.03,5.00001
7.8627,24,7.1451149425287355,1.0186781609195403,1692,2.4310344827586206,37.26,-122.04,5.00001
9.2298,25,7.237676056338028,0.9471830985915493,1585,2.790492957746479,37.31,-122.05,5.00001
10.7326,11,8.561622464898596,1.1014040561622465,1947,3.0374414976599065,37.3,-122.06,5.00001
7.0102,23,6.242382271468144,1.0401662049861495,2167,3.0013850415512464,37.33,-122.06,5.00001
7.2986,24,6.424817518248175,1.018978102189781,1818,2.654014598540146,37.31,-122.07,5.00001
3.5861,16,3.261744966442953,1.1438159156279961,1479,1.4180249280920423,37.37,-122.03,5.00001
4.2188,20,4.552878179384203,1.0281124497991967,1497,2.004016064257028,37.38,-122.06,5.00001
6.1299,18,4.53037037037037,0.9792592592592593,1377,2.04,37.37,-122.06,5.00001
6.8374,27,6.972527472527473,1.021978021978022,464,2.5494505494505493,37.37,-122.09,5.00001
7.5,21,7.816867469879518,1.0265060240963855,1158,2.7903614457831325,37.36,-122.07,5.00001
6.8268,34,6.797665369649805,0.9727626459143969,662,2.575875486381323,37.36,-122.06,5.00001
10.0346,28,8.134038800705467,1.072310405643739,1686,2.9735449735449735,37.36,-122.07,5.00001
9.281,31,7.131233595800525,0.9868766404199475,1001,2.627296587926509,37.36,-122.08,5.00001
5.0222,37,6.2,0.952,805,3.22,37.36,-122.09,5.00001
7.5274,37,7.068535825545172,1.0124610591900312,930,2.897196261682243,37.36,-122.09,5.00001
8.2266,28,9.163865546218487,1.1932773109243697,728,3.0588235294117645,37.36,-122.08,5.00001
8.758,30,7.338129496402877,1.0575539568345325,787,2.8309352517985613,37.35,-122.06,5.00001
5.4659,33,5.592592592592593,0.9166666666666666,495,2.2916666666666665,37.34,-122.07,5.00001
7.3561,35,6.6971428571428575,1.0514285714285714,512,2.9257142857142857,37.34,-122.07,5.00001
9.8144,35,7.024271844660194,0.9951456310679612,619,3.004854368932039,37.35,-122.07,5.00001
8.5888,35,8.056122448979592,1.0714285714285714,570,2.9081632653061225,37.35,-122.07,5.00001
7.7068,35,7.126984126984127,1.0952380952380953,548,2.8994708994708995,37.35,-122.08,5.00001
10.1007,30,7.843220338983051,1.0084745762711864,631,2.6737288135593222,37.34,-122.07,5.00001
10.5142,23,7.683431952662722,0.9911242603550295,922,2.727810650887574,37.34,-122.08,5.00001
12.367,28,8.014634146341463,1.053658536585366,594,2.897560975609756,37.34,-122.08,5.00001
10.3591,33,7.6369426751592355,1.0095541401273886,832,2.6496815286624202,37.35,-122.08,5.00001
7.5655,37,6.9798994974874375,1.0251256281407035,1577,2.641541038525963,37.38,-122.1,5.00001
8.3924,37,7.2155172413793105,1.0172413793103448,945,2.7155172413793105,37.37,-122.1,5.00001
8.1064,40,6.446376811594203,1.0260869565217392,929,2.692753623188406,37.37,-122.1,5.00001
10.3329,22,7.898395721925134,1.0427807486631016,520,2.7807486631016043,37.37,-122.11,5.00001
7.8177,36,6.75046904315197,0.9380863039399625,1296,2.431519699812383,37.38,-122.11,5.00001
5.0804,22,5.596923076923077,1.106153846153846,1329,2.0446153846153847,37.38,-122.11,5.00001
7.2045,49,6.245614035087719,1.1111111111111112,410,2.3976608187134505,37.37,-122.11,5.00001
8.9021,18,7.283783783783784,1.0405405405405406,555,2.5,37.37,-122.12,5.00001
4.9519,31,5.896049896049896,1.0187110187110187,1138,2.365904365904366,37.4,-122.11,5.00001
6.3967,36,6.666666666666667,1.0481927710843373,655,2.6305220883534135,37.39,-122.11,5.00001
7.6229,35,7.2251461988304095,1.0204678362573099,881,2.5760233918128654,37.39,-122.1,5.00001
7.0245,31,6.581005586592179,1.1312849162011174,921,2.5726256983240225,37.4,-122.12,5.00001
8.9172,34,7.107784431137724,0.9920159680638723,1336,2.6666666666666665,37.39,-122.12,5.00001
8.4709,34,7.215,1.09,504,2.52,37.38,-122.12,5.00001
10.3894,32,7.320833333333334,0.9854166666666667,1583,3.2979166666666666,37.4,-122.12,5.00001
6.7257,37,6.912650602409639,1,933,2.8102409638554215,37.45,-122.13,5.00001
7.9029,37,6.247572815533981,0.9563106796116505,510,2.4757281553398056,37.45,-122.13,5.00001
6.6354,41,6.3893280632411065,1.0671936758893281,1251,2.472332015810277,37.45,-122.13,5.00001
9.1508,43,7.035128805620609,1.0304449648711944,1088,2.548009367681499,37.44,-122.13,5.00001
10.3942,39,8.089285714285714,0.9732142857142857,353,3.1517857142857144,37.46,-122.15,5.00001
10.9508,52,6.961389961389961,0.9922779922779923,683,2.637065637065637,37.46,-122.15,5.00001
7.8647,52,7.112962962962963,0.9944444444444445,1391,2.575925925925926,37.45,-122.14,5.00001
6.767,52,6.454268292682927,1.076219512195122,734,2.2378048780487805,37.45,-122.15,5.00001
8.7051,48,7.433691756272402,1.064516129032258,700,2.5089605734767026,37.45,-122.14,5.00001
6.1575,52,7.573333333333333,1.2133333333333334,219,2.92,37.45,-122.15,5.00001
7.2543,52,6.676375404530744,1.035598705501618,774,2.504854368932039,37.44,-122.15,5.00001
4.9861,52,6.167400881057269,0.9559471365638766,522,2.299559471365639,37.44,-122.15,5.00001
6.1655,52,7.072727272727272,1.0654545454545454,708,2.5745454545454547,37.44,-122.15,5.00001
6.6756,52,7.403800475059382,1.1116389548693586,1114,2.646080760095012,37.44,-122.14,5.00001
8.2664,52,6.63481228668942,1.0511945392491469,696,2.3754266211604094,37.43,-122.14,5.00001
12.5902,52,7.021164021164021,1.0052910052910053,467,2.4708994708994707,37.43,-122.14,5.00001
6.5829,52,5.554216867469879,0.9116465863453815,551,2.21285140562249,37.43,-122.14,5.00001
11.0492,34,7.655765920826162,1.0499139414802066,2571,4.42512908777969,37.42,-122.16,5.00001
10.476,15,7.079670329670329,0.989010989010989,979,2.6895604395604398,37.41,-122.15,5.00001
10.7237,21,8.837606837606838,1,323,2.7606837606837606,37.41,-122.18,5.00001
12.0372,27,8.276283618581907,1.0440097799511003,1248,3.0513447432762835,37.39,-122.13,5.00001
10.7355,37,7.610526315789474,0.9526315789473684,549,2.889473684210526,37.37,-122.12,5.00001
13.1867,34,8.75,1.0166666666666666,511,2.838888888888889,37.36,-122.11,5.00001
11.806,30,8.838842975206612,1.0743801652892562,742,3.0661157024793386,37.37,-122.13,5.00001
10.4277,26,8.508928571428571,1.0208333333333333,951,2.830357142857143,37.38,-122.14,5.00001
9.3586,32,7.129353233830845,0.9900497512437811,498,2.4776119402985075,37.36,-122.1,5.00001
8.5294,35,8.186507936507937,1.0555555555555556,676,2.6825396825396823,37.36,-122.1,5.00001
7.5794,37,6.8773946360153255,1.0919540229885059,791,3.0306513409961684,37.35,-122.09,5.00001
10.0259,30,8.344444444444445,1.0333333333333334,501,2.783333333333333,37.35,-122.09,5.00001
12.1387,23,8.261887344550109,1.0073152889539136,3840,2.809070958302853,37.36,-122.14,5.00001
12.9792,23,8.219827586206897,1.0452586206896552,1344,2.896551724137931,37.35,-122.15,5.00001
13.8093,7,6.517241379310345,0.896551724137931,84,2.896551724137931,37.31,-122.11,5.00001
8.6196,11,5.8133333333333335,0.9333333333333333,212,2.8266666666666667,37.29,-122.12,5.00001
11.3283,21,6.1,0.9,182,2.6,37.24,-122.08,5.00001
9.1974,23,8.075949367088608,0.9651898734177216,916,2.8987341772151898,37.21,-121.86,5.00001
9.08,18,8.925619834710744,1.0082644628099173,382,3.15702479338843,37.21,-121.87,5.00001